Workbook

Sheet GP Main
A2: जल गंगा अभियान का नवीन डैशबोर्ड- GP वार नरेगा स्‍कीम - जिला पंचायत सतना 15-05-2026
A5: क्रमांक | B5: जनपद | C5: क्लस्टर | D5: ग्राम पंचायत | E5: उपयंत्री | F5: सहायक यंत्री | G5: Total Ongoing | H5: Total Completed | I5: Farm Pond | K5: Dug Well Recharge | M5: Water conservation & recharge | O5: Repair & Maintenance (Water Structures) | Q5: Watershed Related Works | S5: Irrigation infrastructure | U5: Amrit Sarowar | W5: Gap Filling in Plantation
I6: Ongoing | J6: Completed | K6: Ongoing | L6: Completed | M6: Ongoing | N6: Completed | O6: Ongoing | P6: Completed | Q6: Ongoing | R6: Completed | S6: Ongoing | T6: Completed | U6: Ongoing | V6: Completed | W6: Ongoing | X6: Completed
A8: 1 | B8: AMARPATAN | C8: RAMGARH | D8: AHIRGAON | E8: श्रीमती साधना चौरे | F8: भूपेन्द्र सिंह अति0 | G8: 25 | H8: 0 | I8: 20 | J8: 0 | K8: 3 | L8: 0 | M8: 1 | N8: 0 | O8: 0 | P8: 0 | Q8: 0 | R8: 0 | S8: 1 | T8: 0 | U8: 0 | V8: 0 | W8: =COUNTIFS(Work!$D$3:$D$5800,'CFT Main'!$B8,Work!$N$3:$N$5800,'CFT Main'!$C8,Work!$G$3:$G$5800,"Ongoing",Work!$F$3:$F$5800,W$5) -> 35 | X8: =COUNTIFS(Work!$D$3:$D$5800,'CFT Main'!$B8,Work!$N$3:$N$5800,'CFT Main'!$C8,Work!$G$3:$G$5800,"*Completed",Work!$F$3:$F$5800,W$5) -> 0
A9: 2 | B9: AMARPATAN | C9: TALA | D9: AMIN | E9: सत्यनारायण मिश्रा | F9: भूपेन्द्र सिंह अति0 | G9: 22 | H9: 0 | I9: 9 | J9: 0 | K9: 9 | L9: 0 | M9: 4 | N9: 0 | O9: 0 | P9: 0 | Q9: 0 | R9: 0 | S9: 0 | T9: 0 | U9: 0 | V9: 0 | W9: =COUNTIFS(Work!$D$3:$D$5800,'CFT Main'!$B9,Work!$N$3:$N$5800,'CFT Main'!$C9,Work!$G$3:$G$5800,"Ongoing",Work!$F$3:$F$5800,W$5) -> 40 | X9: =COUNTIFS(Work!$D$3:$D$5800,'CFT Main'!$B9,Work!$N$3:$N$5800,'CFT Main'!$C9,Work!$G$3:$G$5800,"*Completed",Work!$F$3:$F$5800,W$5) -> 0
A10: 3 | B10: AMARPATAN | C10: RAMGARH | D10: AMJHAR | E10: श्रीमती साधना चौरे | F10: भूपेन्द्र सिंह अति0 | G10: 21 | H10: 0 | I10: 3 | J10: 0 | K10: 16 | L10: 0 | M10: 1 | N10: 0 | O10: 0 | P10: 0 | Q10: 0 | R10: 0 | S10: 1 | T10: 0 | U10: 0 | V10: 0 | W10: =COUNTIFS(Work!$D$3:$D$5800,'CFT Main'!$B10,Work!$N$3:$N$5800,'CFT Main'!$C10,Work!$G$3:$G$5800,"Ongoing",Work!$F$3:$F$5800,W$5) -> 25 | X10: =COUNTIFS(Work!$D$3:$D$5800,'CFT Main'!$B10,Work!$N$3:$N$5800,'CFT Main'!$C10,Work!$G$3:$G$5800,"*Completed",Work!$F$3:$F$5800,W$5) -> 0
A11: 4 | B11: AMARPATAN | C11: TALA | D11: ANANDGARH | E11: सत्यनारायण मिश्रा | F11: भूपेन्द्र सिंह अति0 | G11: 20 | H11: 3 | I11: 20 | J11: 1 | K11: 0 | L11: 2 | M11: 0 | N11: 0 | O11: 0 | P11: 0 | Q11: 0 | R11: 0 | S11: 0 | T11: 0 | U11: 0 | V11: 0 | W11: =COUNTIFS(Work!$D$3:$D$5800,'CFT Main'!$B11,Work!$N$3:$N$5800,'CFT Main'!$C11,Work!$G$3:$G$5800,"Ongoing",Work!$F$3:$F$5800,W$5) -> 34 | X11: =COUNTIFS(Work!$D$3:$D$5800,'CFT Main'!$B11,Work!$N$3:$N$5800,'CFT Main'!$C11,Work!$G$3:$G$5800,"*Completed",Work!$F$3:$F$5800,W$5) -> 0
A12: 5 | B12: AMARPATAN | C12: RAMGARH | D12: BACHHARA | E12: श्रीमती साधना चौरे | F12: भूपेन्द्र सिंह अति0 | G12: 18 | H12: 2 | I12: 10 | J12: 1 | K12: 4 | L12: 0 | M12: 3 | N12: 1 | O12: 1 | P12: 0 | Q12: 0 | R12: 0 | S12: 0 | T12: 0 | U12: 0 | V12: 0 | W12: =COUNTIFS(Work!$D$3:$D$5800,'CFT Main'!$B12,Work!$N$3:$N$5800,'CFT Main'!$C12,Work!$G$3:$G$5800,"Ongoing",Work!$F$3:$F$5800,W$5) -> 37 | X12: =COUNTIFS(Work!$D$3:$D$5800,'CFT Main'!$B12,Work!$N$3:$N$5800,'CFT Main'!$C12,Work!$G$3:$G$5800,"*Completed",Work!$F$3:$F$5800,W$5) -> 0
A13: 6 | B13: AMARPATAN | C13: LALPUR | D13: BARREHBADA | E13: अश्वनी पटेल | F13: भूपेन्द्र सिंह अति0 | G13: 16 | H13: 0 | I13: 12 | J13: 0 | K13: 0 | L13: 0 | M13: 2 | N13: 0 | O13: 1 | P13: 0 | Q13: 0 | R13: 0 | S13: 1 | T13: 0 | U13: 0 | V13: 0 | W13: =COUNTIFS(Work!$D$3:$D$5800,'CFT Main'!$B13,Work!$N$3:$N$5800,'CFT Main'!$C13,Work!$G$3:$G$5800,"Ongoing",Work!$F$3:$F$5800,W$5) -> 8 | X13: =COUNTIFS(Work!$D$3:$D$5800,'CFT Main'!$B13,Work!$N$3:$N$5800,'CFT Main'!$C13,Work!$G$3:$G$5800,"*Completed",Work!$F$3:$F$5800,W$5) -> 0
A14: 7 | B14: AMARPATAN | C14: BELA | D14: BELA | E14: सुनील मिश्रा | F14: भूपेन्द्र सिंह अति0 | G14: 16 | H14: 0 | I14: 12 | J14: 0 | K14: 0 | L14: 0 | M14: 1 | N14: 0 | O14: 2 | P14: 0 | Q14: 1 | R14: 0 | S14: 0 | T14: 0 | U14: 0 | V14: 0 | W14: =COUNTIFS(Work!$D$3:$D$5800,'CFT Main'!$B14,Work!$N$3:$N$5800,'CFT Main'!$C14,Work!$G$3:$G$5800,"Ongoing",Work!$F$3:$F$5800,W$5) -> 30 | X14: =COUNTIFS(Work!$D$3:$D$5800,'CFT Main'!$B14,Work!$N$3:$N$5800,'CFT Main'!$C14,Work!$G$3:$G$5800,"*Completed",Work!$F$3:$F$5800,W$5) -> 0
A15: 8 | B15: AMARPATAN | C15: RAMGARH | D15: BHADRA | E15: श्रीमती साधना चौरे | F15: भूपेन्द्र सिंह अति0 | G15: 16 | H15: 0 | I15: 10 | J15: 0 | K15: 0 | L15: 0 | M15: 4 | N15: 0 | O15: 0 | P15: 0 | Q15: 0 | R15: 0 | S15: 2 | T15: 0 | U15: 0 | V15: 0 | W15: =COUNTIFS(Work!$D$3:$D$5800,'CFT Main'!$B15,Work!$N$3:$N$5800,'CFT Main'!$C15,Work!$G$3:$G$5800,"Ongoing",Work!$F$3:$F$5800,W$5) -> 15 | X15: =COUNTIFS(Work!$D$3:$D$5800,'CFT Main'!$B15,Work!$N$3:$N$5800,'CFT Main'!$C15,Work!$G$3:$G$5800,"*Completed",Work!$F$3:$F$5800,W$5) -> 0
A16: 9 | B16: AMARPATAN | C16: TALA | D16: BHADWA | E16: सत्यनारायण मिश्रा | F16: भूपेन्द्र सिंह अति0 | G16: 16 | H16: 0 | I16: 9 | J16: 0 | K16: 4 | L16: 0 | M16: 3 | N16: 0 | O16: 0 | P16: 0 | Q16: 0 | R16: 0 | S16: 0 | T16: 0 | U16: 0 | V16: 0 | W16: =COUNTIFS(Work!$D$3:$D$5800,'CFT Main'!$B16,Work!$N$3:$N$5800,'CFT Main'!$C16,Work!$G$3:$G$5800,"Ongoing",Work!$F$3:$F$5800,W$5) -> 9 | X16: =COUNTIFS(Work!$D$3:$D$5800,'CFT Main'!$B16,Work!$N$3:$N$5800,'CFT Main'!$C16,Work!$G$3:$G$5800,"*Completed",Work!$F$3:$F$5800,W$5) -> 0
A17: 10 | B17: AMARPATAN | C17: RAMGARH | D17: BHICHHIYAKHURD | E17: श्रीमती साधना चौरे | F17: भूपेन्द्र सिंह अति0 | G17: 14 | H17: 8 | I17: 13 | J17: 3 | K17: 0 | L17: 4 | M17: 1 | N17: 1 | O17: 0 | P17: 0 | Q17: 0 | R17: 0 | S17: 0 | T17: 0 | U17: 0 | V17: 0 | W17: =COUNTIFS(Work!$D$3:$D$5800,'CFT Main'!$B17,Work!$N$3:$N$5800,'CFT Main'!$C17,Work!$G$3:$G$5800,"Ongoing",Work!$F$3:$F$5800,W$5) -> 8 | X17: =COUNTIFS(Work!$D$3:$D$5800,'CFT Main'!$B17,Work!$N$3:$N$5800,'CFT Main'!$C17,Work!$G$3:$G$5800,"*Completed",Work!$F$3:$F$5800,W$5) -> 0
A18: 11 | B18: AMARPATAN | C18: LALPUR | D18: BHISHAMPUR | E18: अश्वनी पटेल | F18: भूपेन्द्र सिंह अति0 | G18: 13 | H18: 1 | I18: 7 | J18: 1 | K18: 0 | L18: 0 | M18: 4 | N18: 0 | O18: 1 | P18: 0 | Q18: 1 | R18: 0 | S18: 0 | T18: 0 | U18: 0 | V18: 0 | W18: =COUNTIFS(Work!$D$3:$D$5800,'CFT Main'!$B18,Work!$N$3:$N$5800,'CFT Main'!$C18,Work!$G$3:$G$5800,"Ongoing",Work!$F$3:$F$5800,W$5) -> 12 | X18: =COUNTIFS(Work!$D$3:$D$5800,'CFT Main'!$B18,Work!$N$3:$N$5800,'CFT Main'!$C18,Work!$G$3:$G$5800,"*Completed",Work!$F$3:$F$5800,W$5) -> 0
A19: 12 | B19: AMARPATAN | C19: RAMGARH | D19: BIDHUIKHURD | E19: श्रीमती साधना चौरे | F19: भूपेन्द्र सिंह अति0 | G19: 12 | H19: 7 | I19: 10 | J19: 6 | K19: 0 | L19: 1 | M19: 1 | N19: 0 | O19: 0 | P19: 0 | Q19: 1 | R19: 0 | S19: 0 | T19: 0 | U19: 0 | V19: 0 | W19: =COUNTIFS(Work!$D$3:$D$5800,'CFT Main'!$B19,Work!$N$3:$N$5800,'CFT Main'!$C19,Work!$G$3:$G$5800,"Ongoing",Work!$F$3:$F$5800,W$5) -> 19 | X19: =COUNTIFS(Work!$D$3:$D$5800,'CFT Main'!$B19,Work!$N$3:$N$5800,'CFT Main'!$C19,Work!$G$3:$G$5800,"*Completed",Work!$F$3:$F$5800,W$5) -> 0
... A44: 37 | B44: AMARPATAN | C44: MAUHARI KATARA | D44: KHUTAHA | E44: अनिल पटेल | F44: भूपेन्द्र सिंह अति0 | G44: 9 | H44: 0 | I44: 5 | J44: 0 | K44: 0 | L44: 0 | M44: 2 | N44: 0 | O44: 2 | P44: 0 | Q44: 0 | R44: 0 | S44: 0 | T44: 0 | U44: 0 | V44: 0 | W44: =COUNTIFS(Work!$D$3:$D$5800,'CFT Main'!$B44,Work!$N$3:$N$5800,'CFT Main'!$C44,Work!$G$3:$G$5800,"Ongoing",Work!$F$3:$F$5800,W$5) -> 14 | X44: =COUNTIFS(Work!$D$3:$D$5800,'CFT Main'!$B44,Work!$N$3:$N$5800,'CFT Main'!$C44,Work!$G$3:$G$5800,"*Completed",Work!$F$3:$F$5800,W$5) -> 1
A45: 38 | B45: AMARPATAN | C45: LALPUR | D45: KIRHAI | E45: अश्वनी पटेल | F45: भूपेन्द्र सिंह अति0 | G45: 9 | H45: 0 | I45: 4 | J45: 0 | K45: 2 | L45: 0 | M45: 2 | N45: 0 | O45: 1 | P45: 0 | Q45: 0 | R45: 0 | S45: 0 | T45: 0 | U45: 0 | V45: 0 | W45: =COUNTIFS(Work!$D$3:$D$5800,'CFT Main'!$B46,Work!$N$3:$N$5800,'CFT Main'!$C46,Work!$G$3:$G$5800,"Ongoing",Work!$F$3:$F$5800,W$5) -> 18 | X45: =COUNTIFS(Work!$D$3:$D$5800,'CFT Main'!$B46,Work!$N$3:$N$5800,'CFT Main'!$C46,Work!$G$3:$G$5800,"*Completed",Work!$F$3:$F$5800,W$5) -> 0
A46: 39 | B46: AMARPATAN | C46: MAUHARI KATARA | D46: KORIGAWAN | E46: अनिल पटेल | F46: भूपेन्द्र सिंह अति0 | G46: 9 | H46: 0 | I46: 4 | J46: 0 | K46: 0 | L46: 0 | M46: 4 | N46: 0 | O46: 1 | P46: 0 | Q46: 0 | R46: 0 | S46: 0 | T46: 0 | U46: 0 | V46: 0 | W46: =COUNTIFS(Work!$D$3:$D$5800,'CFT Main'!$B47,Work!$N$3:$N$5800,'CFT Main'!$C47,Work!$G$3:$G$5800,"Ongoing",Work!$F$3:$F$5800,W$5) -> 7 | X46: =COUNTIFS(Work!$D$3:$D$5800,'CFT Main'!$B47,Work!$N$3:$N$5800,'CFT Main'!$C47,Work!$G$3:$G$5800,"*Completed",Work!$F$3:$F$5800,W$5) -> 0
A47: 40 | B47: AMARPATAN | C47: TALA | D47: KOTAR | E47: सत्यनारायण मिश्रा | F47: भूपेन्द्र सिंह अति0 | G47: 9 | H47: 2 | I47: 2 | J47: 2 | K47: 6 | L47: 0 | M47: 1 | N47: 0 | O47: 0 | P47: 0 | Q47: 0 | R47: 0 | S47: 0 | T47: 0 | U47: 0 | V47: 0 | W47: =COUNTIFS(Work!$D$3:$D$5800,'CFT Main'!$B48,Work!$N$3:$N$5800,'CFT Main'!$C48,Work!$G$3:$G$5800,"Ongoing",Work!$F$3:$F$5800,W$5) -> 17 | X47: =COUNTIFS(Work!$D$3:$D$5800,'CFT Main'!$B48,Work!$N$3:$N$5800,'CFT Main'!$C48,Work!$G$3:$G$5800,"*Completed",Work!$F$3:$F$5800,W$5) -> 0
A48: 41 | B48: AMARPATAN | C48: LALPUR | D48: KUMHARI | E48: अश्वनी पटेल | F48: भूपेन्द्र सिंह अति0 | G48: 9 | H48: 2 | I48: 1 | J48: 0 | K48: 2 | L48: 0 | M48: 6 | N48: 2 | O48: 0 | P48: 0 | Q48: 0 | R48: 0 | S48: 0 | T48: 0 | U48: 0 | V48: 0 | W48: =COUNTIFS(Work!$D$3:$D$5800,'CFT Main'!$B49,Work!$N$3:$N$5800,'CFT Main'!$C49,Work!$G$3:$G$5800,"Ongoing",Work!$F$3:$F$5800,W$5) -> 17 | X48: =COUNTIFS(Work!$D$3:$D$5800,'CFT Main'!$B49,Work!$N$3:$N$5800,'CFT Main'!$C49,Work!$G$3:$G$5800,"*Completed",Work!$F$3:$F$5800,W$5) -> 2
A49: 42 | B49: AMARPATAN | C49: TALA | D49: LALITPURNOTWO | E49: सत्यनारायण मिश्रा | F49: भूपेन्द्र सिंह अति0 | G49: 8 | H49: 0 | I49: 8 | J49: 0 | K49: 0 | L49: 0 | M49: 0 | N49: 0 | O49: 0 | P49: 0 | Q49: 0 | R49: 0 | S49: 0 | T49: 0 | U49: 0 | V49: 0 | W49: =COUNTIFS(Work!$D$3:$D$5800,'CFT Main'!$B50,Work!$N$3:$N$5800,'CFT Main'!$C50,Work!$G$3:$G$5800,"Ongoing",Work!$F$3:$F$5800,W$5) -> 17 | X49: =COUNTIFS(Work!$D$3:$D$5800,'CFT Main'!$B50,Work!$N$3:$N$5800,'CFT Main'!$C50,Work!$G$3:$G$5800,"*Completed",Work!$F$3:$F$5800,W$5) -> 0
A50: 43 | B50: AMARPATAN | C50: LALPUR | D50: LALPUR | E50: अश्वनी पटेल | F50: भूपेन्द्र सिंह अति0 | G50: 8 | H50: 0 | I50: 7 | J50: 0 | K50: 0 | L50: 0 | M50: 1 | N50: 0 | O50: 0 | P50: 0 | Q50: 0 | R50: 0 | S50: 0 | T50: 0 | U50: 0 | V50: 0 | W50: =COUNTIFS(Work!$D$3:$D$5800,'CFT Main'!$B51,Work!$N$3:$N$5800,'CFT Main'!$C51,Work!$G$3:$G$5800,"Ongoing",Work!$F$3:$F$5800,W$5) -> 30 | X50: =COUNTIFS(Work!$D$3:$D$5800,'CFT Main'!$B51,Work!$N$3:$N$5800,'CFT Main'!$C51,Work!$G$3:$G$5800,"*Completed",Work!$F$3:$F$5800,W$5) -> 0
A51: 44 | B51: AMARPATAN | C51: BELA | D51: MADHA | E51: सुनील मिश्रा | F51: भूपेन्द्र सिंह अति0 | G51: 8 | H51: 1 | I51: 6 | J51: 0 | K51: 1 | L51: 0 | M51: 1 | N51: 1 | O51: 0 | P51: 0 | Q51: 0 | R51: 0 | S51: 0 | T51: 0 | U51: 0 | V51: 0 | W51: =COUNTIFS(Work!$D$3:$D$5800,'CFT Main'!$B52,Work!$N$3:$N$5800,'CFT Main'!$C52,Work!$G$3:$G$5800,"Ongoing",Work!$F$3:$F$5800,W$5) -> 31 | X51: =COUNTIFS(Work!$D$3:$D$5800,'CFT Main'!$B52,Work!$N$3:$N$5800,'CFT Main'!$C52,Work!$G$3:$G$5800,"*Completed",Work!$F$3:$F$5800,W$5) -> 0
A52: 45 | B52: AMARPATAN | C52: LALPUR | D52: MADHI (BIRDUTT) | E52: अश्वनी पटेल | F52: भूपेन्द्र सिंह अति0 | G52: 8 | H52: 0 | I52: 6 | J52: 0 | K52: 0 | L52: 0 | M52: 2 | N52: 0 | O52: 0 | P52: 0 | Q52: 0 | R52: 0 | S52: 0 | T52: 0 | U52: 0 | V52: 0 | W52: =COUNTIFS(Work!$D$3:$D$5800,'CFT Main'!$B53,Work!$N$3:$N$5800,'CFT Main'!$C53,Work!$G$3:$G$5800,"Ongoing",Work!$F$3:$F$5800,W$5) -> 19 | X52: =COUNTIFS(Work!$D$3:$D$5800,'CFT Main'!$B53,Work!$N$3:$N$5800,'CFT Main'!$C53,Work!$G$3:$G$5800,"*Completed",Work!$F$3:$F$5800,W$5) -> 0
A53: 46 | B53: AMARPATAN | C53: PARASWAHI | D53: MAGRAJ | E53: अनिल पटेल अति0 | F53: भूपेन्द्र सिंह अति0 | G53: 8 | H53: 5 | I53: 6 | J53: 1 | K53: 1 | L53: 1 | M53: 0 | N53: 2 | O53: 0 | P53: 0 | Q53: 0 | R53: 1 | S53: 1 | T53: 0 | U53: 0 | V53: 0 | W53: =COUNTIFS(Work!$D$3:$D$5800,'CFT Main'!$B54,Work!$N$3:$N$5800,'CFT Main'!$C54,Work!$G$3:$G$5800,"Ongoing",Work!$F$3:$F$5800,W$5) -> 9 | X53: =COUNTIFS(Work!$D$3:$D$5800,'CFT Main'!$B54,Work!$N$3:$N$5800,'CFT Main'!$C54,Work!$G$3:$G$5800,"*Completed",Work!$F$3:$F$5800,W$5) -> 0
A54: 47 | B54: AMARPATAN | C54: MAUHARI KATARA | D54: MAHUDAR | E54: अनिल पटेल | F54: भूपेन्द्र सिंह अति0 | G54: 8 | H54: 5 | I54: 5 | J54: 4 | K54: 0 | L54: 0 | M54: 3 | N54: 1 | O54: 0 | P54: 0 | Q54: 0 | R54: 0 | S54: 0 | T54: 0 | U54: 0 | V54: 0 | W54: =COUNTIFS(Work!$D$3:$D$5800,'CFT Main'!$B55,Work!$N$3:$N$5800,'CFT Main'!$C55,Work!$G$3:$G$5800,"Ongoing",Work!$F$3:$F$5800,W$5) -> 21 | X54: =COUNTIFS(Work!$D$3:$D$5800,'CFT Main'!$B55,Work!$N$3:$N$5800,'CFT Main'!$C55,Work!$G$3:$G$5800,"*Completed",Work!$F$3:$F$5800,W$5) -> 0
A55: 48 | B55: AMARPATAN | C55: PARASWAHI | D55: MAJHGAWAN | E55: अनिल पटेल अति0 | F55: भूपेन्द्र सिंह अति0 | G55: 8 | H55: 0 | I55: 5 | J55: 0 | K55: 1 | L55: 0 | M55: 1 | N55: 0 | O55: 1 | P55: 0 | Q55: 0 | R55: 0 | S55: 0 | T55: 0 | U55: 0 | V55: 0 | W55: =COUNTIFS(Work!$D$3:$D$5800,'CFT Main'!$B56,Work!$N$3:$N$5800,'CFT Main'!$C56,Work!$G$3:$G$5800,"Ongoing",Work!$F$3:$F$5800,W$5) -> 23 | X55: =COUNTIFS(Work!$D$3:$D$5800,'CFT Main'!$B56,Work!$N$3:$N$5800,'CFT Main'!$C56,Work!$G$3:$G$5800,"*Completed",Work!$F$3:$F$5800,W$5) -> 0
A56: 49 | B56: AMARPATAN | C56: TALA | D56: MARHI (NEAR AJMAIN) | E56: सत्यनारायण मिश्रा | F56: भूपेन्द्र सिंह अति0 | G56: 8 | H56: 0 | I56: 5 | J56: 0 | K56: 0 | L56: 0 | M56: 3 | N56: 0 | O56: 0 | P56: 0 | Q56: 0 | R56: 0 | S56: 0 | T56: 0 | U56: 0 | V56: 0 | W56: =COUNTIFS(Work!$D$3:$D$5800,'CFT Main'!$B57,Work!$N$3:$N$5800,'CFT Main'!$C57,Work!$G$3:$G$5800,"Ongoing",Work!$F$3:$F$5800,W$5) -> 13 | X56: =COUNTIFS(Work!$D$3:$D$5800,'CFT Main'!$B57,Work!$N$3:$N$5800,'CFT Main'!$C57,Work!$G$3:$G$5800,"*Completed",Work!$F$3:$F$5800,W$5) -> 0
... A702: 695 | B702: UNCHAHARA | C702: PONDEE | D702: VICHAVA | E702: हरनाम सिंह | F702: मधु बागरी | G702: 0 | H702: 3 | I702: 0 | J702: 2 | K702: 0 | L702: 1 | M702: 0 | N702: 0 | O702: 0 | P702: 0 | Q702: 0 | R702: 0 | S702: 0 | T702: 0 | U702: 0 | V702: 0 | W702: =COUNTIFS(Work!$D$3:$D$5800,'CFT Main'!$B703,Work!$N$3:$N$5800,'CFT Main'!$C703,Work!$G$3:$G$5800,"Ongoing",Work!$F$3:$F$5800,W$5) -> 0 | X702: =COUNTIFS(Work!$D$3:$D$5800,'CFT Main'!$B703,Work!$N$3:$N$5800,'CFT Main'!$C703,Work!$G$3:$G$5800,"*Completed",Work!$F$3:$F$5800,W$5) -> 0
G829: 2565 | H829: 1259 | I829: 1659 | J829: 729 | K829: 212 | L829: 283 | M829: 460 | N829: 171 | O829: 86 | P829: 25 | Q829: 84 | R829: 34 | S829: 55 | T829: 17 | U829: 9 | V829: 0

Sheet CFT Main
A2: जल गंगा अभियान का नवीन डैशबोर्ड- उपयंत्रीवार नरेगा स्‍कीम - जिला पंचायत सतना 11-05-2026
A5: क्रमांक | B5: जनपद | C5: क्लस्टर | D5: ग्राम पंचायत | E5: उपयंत्री | F5: सहायक यंत्री | G5: 2020-21 | H5: 2021-22 | I5: 2022-23 | J5: 2023-24 | K5: TOTAL | L5: प्रधानमंत्री आवास पोर्टल में आवासों की पूर्णता | M5: 2015-16 | N5: 2016-17 | O5: 2017-18 | P5: 2018-19 | Q5: 2019-20 | R5: 2020-21 | S5: 2021-22 | T5: 2022-23 | U5: 2023-24 | V5: मनरेगा पोर्टल में आवासों की पूर्णता | W5: मनरेगा पोर्टल पर आवास की पूर्णता दर्ज किया जाना शेष | X5: R14.4 Status of Timely Payment | Y5: Total No. of Aadhaar seeded in MIS | Z5: Blance Aadhaar seeded in MIS | AA5: Total No. of works having >=20 workers | AB5: Out of Col(1), No. of works having musterroll filled through NMMS App. | AC5: Progress % | AD5: Total No. of works having >=20 workers | AE5: Out of Col(1), No. of works having musterroll filled through NMMS App. | AF5: Progress % | AG5: GPs With device registration but NMMS yet Not started | AH5: Eligible Worksites but NMMS Yet not started | AI5: प्रगतिरत सामुदायिक कार्यो की संख्या | AJ5: आधार आधारित भुगतान नही होने वाले श्रमिको की संख्या | AK5: 03-05-2023 Authentication Failed | AL5: Progress | AM5: सहायक यंत्री | AN5: Total Ongoing | AO5: Total Completed | AP5: Farm Pond | AR5: Dug Well Recharge | AT5: Water conservation & recharge | AV5: Repair & Maintenance (Water Structures) | AX5: Watershed Related Works | AZ5: Irrigation infrastructure | BB5: Amrit Sarowar | BD5: Gap Filling in Plantation
D6: 4 | F6: 6 | G6: 32 | H6: 33 | I6: 34 | J6: 35 | K6: 36 | L6: 37 | M6: 38 | N6: 39 | O6: 40 | P6: 41 | Q6: 42 | R6: 43 | S6: 44 | T6: 45 | U6: 46 | V6: 47 | W6: 48 | X6: 49 | Y6: 50 | Z6: 51 | AA6: 52 | AB6: 53 | AC6: 54 | AD6: 55 | AE6: 56 | AF6: 57 | AG6: 58 | AH6: 59 | AI6: 60 | AJ6: 61 | AK6: 62 | AL6: 63 | AP6: Ongoing | AQ6: Completed | AR6: Ongoing | AS6: Completed | AT6: Ongoing | AU6: Completed | AV6: Ongoing | AW6: Completed | AX6: Ongoing | AY6: Completed | AZ6: Ongoing | BA6: Completed | BB6: Ongoing | BC6: Completed | BD6: Ongoing | BE6: Completed
A7: 1 | B7: AMARPATAN | C7: RAMGARH | D7: AKAURI | E7: श्रीमती साधना चौरे | F7: Add. NIKHIL MISHRA | G7: =SUMIFS(#REF!,'GP Main'!$B$8:$B$827,'CFT Main'!$B9,'GP Main'!$C$8:$C$827,'CFT Main'!$C9) -> #REF! | H7: =SUMIFS(#REF!,'GP Main'!$B$8:$B$827,'CFT Main'!$B9,'GP Main'!$C$8:$C$827,'CFT Main'!$C9) -> #REF! | I7: =SUMIFS(#REF!,'GP Main'!$B$8:$B$827,'CFT Main'!$B9,'GP Main'!$C$8:$C$827,'CFT Main'!$C9) -> #REF! | J7: =SUMIFS(#REF!,'GP Main'!$B$8:$B$827,'CFT Main'!$B9,'GP Main'!$C$8:$C$827,'CFT Main'!$C9) -> #REF! | K7: =SUMIFS(#REF!,'GP Main'!$B$8:$B$827,'CFT Main'!$B9,'GP Main'!$C$8:$C$827,'CFT Main'!$C9) -> #REF! | L7: =SUMIFS(#REF!,'GP Main'!$B$8:$B$827,'CFT Main'!$B9,'GP Main'!$C$8:$C$827,'CFT Main'!$C9) -> #REF! | M7: =SUMIFS(#REF!,'GP Main'!$B$8:$B$827,'CFT Main'!$B9,'GP Main'!$C$8:$C$827,'CFT Main'!$C9) -> #REF! | N7: =SUMIFS(#REF!,'GP Main'!$B$8:$B$827,'CFT Main'!$B9,'GP Main'!$C$8:$C$827,'CFT Main'!$C9) -> #REF! | ... AB7: =SUMIFS(#REF!,'GP Main'!$B$8:$B$827,'CFT Main'!$B9,'GP Main'!$C$8:$C$827,'CFT Main'!$C9) -> #REF! | AD7: =SUMIFS(#REF!,'GP Main'!$B$8:$B$827,'CFT Main'!$B9,'GP Main'!$C$8:$C$827,'CFT Main'!$C9) -> #REF! | AE7: =SUMIFS(#REF!,'GP Main'!$B$8:$B$827,'CFT Main'!$B9,'GP Main'!$C$8:$C$827,'CFT Main'!$C9) -> #REF! | AG7: =SUMIFS(#REF!,'GP Main'!$B$8:$B$827,'CFT Main'!$B9,'GP Main'!$C$8:$C$827,'CFT Main'!$C9) -> #REF! | AH7: =SUMIFS(#REF!,'GP Main'!$B$8:$B$827,'CFT Main'!$B9,'GP Main'!$C$8:$C$827,'CFT Main'!$C9) -> #REF! | AI7: =SUMIFS(#REF!,'GP Main'!$B$8:$B$827,'CFT Main'!$B9,'GP Main'!$C$8:$C$827,'CFT Main'!$C9) -> #REF! | AJ7: =SUMIFS(#REF!,'GP Main'!$B$8:$B$827,'CFT Main'!$B9,'GP Main'!$C$8:$C$827,'CFT Main'!$C9) -> #REF! | AK7: =SUMIFS(#REF!,'GP Main'!$B$8:$B$695,'CFT Main'!$B9,'GP Main'!$C$8:$C$695,'CFT Main'!$C9) -> #REF! | AM7: भूपेन्द्र सिंह अति0 | AN7: =COUNTIFS(Work!$D$3:$D$5800,'CFT Main'!$B7,Work!$N$3:$N$5800,'CFT Main'!$C7,Work!$G$3:$G$5800,"Ongoing") -> 45 | AO7: =COUNTIFS(Work!$D$3:$D$5800,'CFT Main'!$B7,Work!$N$3:$N$5800,'CFT Main'!$C7,Work!$G$3:$G$5800,"*Completed") -> 25 | AP7: =COUNTIFS(Work!$D$3:$D$5800,'CFT Main'!$B7,Work!$N$3:$N$5800,'CFT Main'!$C7,Work!$G$3:$G$5800,"Ongoing",Work!$F$3:$F$5800,AP$5) -> 8 | AQ7: =COUNTIFS(Work!$D$3:$D$5800,'CFT Main'!$B7,Work!$N$3:$N$5800,'CFT Main'!$C7,Work!$G$3:$G$5800,"*Completed",Work!$F$3:$F$5800,AP$5) -> 5 | AR7: =COUNTIFS(Work!$D$3:$D$5800,'CFT Main'!$B7,Work!$N$3:$N$5800,'CFT Main'!$C7,Work!$G$3:$G$5800,"Ongoing",Work!$F$3:$F$5800,AR$5) -> 1 | AS7: =COUNTIFS(Work!$D$3:$D$5800,'CFT Main'!$B7,Work!$N$3:$N$5800,'CFT Main'!$C7,Work!$G$3:$G$5800,"*Completed",Work!$F$3:$F$5800,AR$5) -> 18 | AT7: =COUNTIFS(Work!$D$3:$D$5800,'CFT Main'!$B7,Work!$N$3:$N$5800,'CFT Main'!$C7,Work!$G$3:$G$5800,"Ongoing",Work!$F$3:$F$5800,AT$5) -> 0 | AU7: =COUNTIFS(Work!$D$3:$D$5800,'CFT Main'!$B7,Work!$N$3:$N$5800,'CFT Main'!$C7,Work!$G$3:$G$5800,"*Completed",Work!$F$3:$F$5800,AT$5) -> 1 | AV7: =COUNTIFS(Work!$D$3:$D$5800,'CFT Main'!$B7,Work!$N$3:$N$5800,'CFT Main'!$C7,Work!$G$3:$G$5800,"Ongoing",Work!$F$3:$F$5800,AV$5) -> 0 | AW7: =COUNTIFS(Work!$D$3:$D$5800,'CFT Main'!$B7,Work!$N$3:$N$5800,'CFT Main'!$C7,Work!$G$3:$G$5800,"*Completed",Work!$F$3:$F$5800,AV$5) -> 1 | AX7: =COUNTIFS(Work!$D$3:$D$5800,'CFT Main'!$B7,Work!$N$3:$N$5800,'CFT Main'!$C7,Work!$G$3:$G$5800,"Ongoing",Work!$F$3:$F$5800,AX$5) -> 0 | AY7: =COUNTIFS(Work!$D$3:$D$5800,'CFT Main'!$B7,Work!$N$3:$N$5800,'CFT Main'!$C7,Work!$G$3:$G$5800,"*Completed",Work!$F$3:$F$5800,AX$5) -> 0 | AZ7: =COUNTIFS(Work!$D$3:$D$5800,'CFT Main'!$B7,Work!$N$3:$N$5800,'CFT Main'!$C7,Work!$G$3:$G$5800,"Ongoing",Work!$F$3:$F$5800,AZ$5) -> 0 | BA7: =COUNTIFS(Work!$D$3:$D$5800,'CFT Main'!$B7,Work!$N$3:$N$5800,'CFT Main'!$C7,Work!$G$3:$G$5800,"*Completed",Work!$F$3:$F$5800,AZ$5) -> 0 | BB7: =COUNTIFS(Work!$D$3:$D$5800,'CFT Main'!$B7,Work!$N$3:$N$5800,'CFT Main'!$C7,Work!$G$3:$G$5800,"Ongoing",Work!$F$3:$F$5800,BB$5) -> 0 | BC7: =COUNTIFS(Work!$D$3:$D$5800,'CFT Main'!$B7,Work!$N$3:$N$5800,'CFT Main'!$C7,Work!$G$3:$G$5800,"*Completed",Work!$F$3:$F$5800,BB$5) -> 0 | BD7: =COUNTIFS(Work!$D$3:$D$5800,'CFT Main'!$B7,Work!$N$3:$N$5800,'CFT Main'!$C7,Work!$G$3:$G$5800,"Ongoing",Work!$F$3:$F$5800,BD$5) -> 36 | BE7: =COUNTIFS(Work!$D$3:$D$5800,'CFT Main'!$B7,Work!$N$3:$N$5800,'CFT Main'!$C7,Work!$G$3:$G$5800,"*Completed",Work!$F$3:$F$5800,BD$5) -> 0
A8: 2 | B8: AMARPATAN | C8: TALA | D8: AGADAL | E8: सत्यनारायण मिश्रा | F8: Add. NIKHIL MISHRA | G8: =SUMIFS(#REF!,'GP Main'!$B$8:$B$827,'CFT Main'!$B8,'GP Main'!$C$8:$C$827,'CFT Main'!$C8) -> #REF! | H8: =SUMIFS(#REF!,'GP Main'!$B$8:$B$827,'CFT Main'!$B8,'GP Main'!$C$8:$C$827,'CFT Main'!$C8) -> #REF! | I8: =SUMIFS(#REF!,'GP Main'!$B$8:$B$827,'CFT Main'!$B8,'GP Main'!$C$8:$C$827,'CFT Main'!$C8) -> #REF! | J8: =SUMIFS(#REF!,'GP Main'!$B$8:$B$827,'CFT Main'!$B8,'GP Main'!$C$8:$C$827,'CFT Main'!$C8) -> #REF! | K8: =SUMIFS(#REF!,'GP Main'!$B$8:$B$827,'CFT Main'!$B8,'GP Main'!$C$8:$C$827,'CFT Main'!$C8) -> #REF! | L8: =SUMIFS(#REF!,'GP Main'!$B$8:$B$827,'CFT Main'!$B8,'GP Main'!$C$8:$C$827,'CFT Main'!$C8) -> #REF! | M8: =SUMIFS(#REF!,'GP Main'!$B$8:$B$827,'CFT Main'!$B8,'GP Main'!$C$8:$C$827,'CFT Main'!$C8) -> #REF! | N8: =SUMIFS(#REF!,'GP Main'!$B$8:$B$827,'CFT Main'!$B8,'GP Main'!$C$8:$C$827,'CFT Main'!$C8) -> #REF! | ... AB8: =SUMIFS(#REF!,'GP Main'!$B$8:$B$827,'CFT Main'!$B8,'GP Main'!$C$8:$C$827,'CFT Main'!$C8) -> #REF! | AD8: =SUMIFS(#REF!,'GP Main'!$B$8:$B$827,'CFT Main'!$B8,'GP Main'!$C$8:$C$827,'CFT Main'!$C8) -> #REF! | AE8: =SUMIFS(#REF!,'GP Main'!$B$8:$B$827,'CFT Main'!$B8,'GP Main'!$C$8:$C$827,'CFT Main'!$C8) -> #REF! | AG8: =SUMIFS(#REF!,'GP Main'!$B$8:$B$827,'CFT Main'!$B8,'GP Main'!$C$8:$C$827,'CFT Main'!$C8) -> #REF! | AH8: =SUMIFS(#REF!,'GP Main'!$B$8:$B$827,'CFT Main'!$B8,'GP Main'!$C$8:$C$827,'CFT Main'!$C8) -> #REF! | AI8: =SUMIFS(#REF!,'GP Main'!$B$8:$B$827,'CFT Main'!$B8,'GP Main'!$C$8:$C$827,'CFT Main'!$C8) -> #REF! | AJ8: =SUMIFS(#REF!,'GP Main'!$B$8:$B$827,'CFT Main'!$B8,'GP Main'!$C$8:$C$827,'CFT Main'!$C8) -> #REF! | AK8: =SUMIFS(#REF!,'GP Main'!$B$8:$B$827,'CFT Main'!$B8,'GP Main'!$C$8:$C$827,'CFT Main'!$C8) -> #REF! | AM8: भूपेन्द्र सिंह अति0 | AN8: =COUNTIFS(Work!$D$3:$D$5800,'CFT Main'!$B8,Work!$N$3:$N$5800,'CFT Main'!$C8,Work!$G$3:$G$5800,"Ongoing") -> 44 | AO8: =COUNTIFS(Work!$D$3:$D$5800,'CFT Main'!$B8,Work!$N$3:$N$5800,'CFT Main'!$C8,Work!$G$3:$G$5800,"*Completed") -> 25 | AP8: =COUNTIFS(Work!$D$3:$D$5800,'CFT Main'!$B8,Work!$N$3:$N$5800,'CFT Main'!$C8,Work!$G$3:$G$5800,"Ongoing",Work!$F$3:$F$5800,AP$5) -> 9 | AQ8: =COUNTIFS(Work!$D$3:$D$5800,'CFT Main'!$B8,Work!$N$3:$N$5800,'CFT Main'!$C8,Work!$G$3:$G$5800,"*Completed",Work!$F$3:$F$5800,AP$5) -> 3 | AR8: =COUNTIFS(Work!$D$3:$D$5800,'CFT Main'!$B8,Work!$N$3:$N$5800,'CFT Main'!$C8,Work!$G$3:$G$5800,"Ongoing",Work!$F$3:$F$5800,AR$5) -> 0 | AS8: =COUNTIFS(Work!$D$3:$D$5800,'CFT Main'!$B8,Work!$N$3:$N$5800,'CFT Main'!$C8,Work!$G$3:$G$5800,"*Completed",Work!$F$3:$F$5800,AR$5) -> 16 | AT8: =COUNTIFS(Work!$D$3:$D$5800,'CFT Main'!$B8,Work!$N$3:$N$5800,'CFT Main'!$C8,Work!$G$3:$G$5800,"Ongoing",Work!$F$3:$F$5800,AT$5) -> 0 | AU8: =COUNTIFS(Work!$D$3:$D$5800,'CFT Main'!$B8,Work!$N$3:$N$5800,'CFT Main'!$C8,Work!$G$3:$G$5800,"*Completed",Work!$F$3:$F$5800,AT$5) -> 6 | AV8: =COUNTIFS(Work!$D$3:$D$5800,'CFT Main'!$B8,Work!$N$3:$N$5800,'CFT Main'!$C8,Work!$G$3:$G$5800,"Ongoing",Work!$F$3:$F$5800,AV$5) -> 0 | AW8: =COUNTIFS(Work!$D$3:$D$5800,'CFT Main'!$B8,Work!$N$3:$N$5800,'CFT Main'!$C8,Work!$G$3:$G$5800,"*Completed",Work!$F$3:$F$5800,AV$5) -> 0 | AX8: =COUNTIFS(Work!$D$3:$D$5800,'CFT Main'!$B8,Work!$N$3:$N$5800,'CFT Main'!$C8,Work!$G$3:$G$5800,"Ongoing",Work!$F$3:$F$5800,AX$5) -> 0 | AY8: =COUNTIFS(Work!$D$3:$D$5800,'CFT Main'!$B8,Work!$N$3:$N$5800,'CFT Main'!$C8,Work!$G$3:$G$5800,"*Completed",Work!$F$3:$F$5800,AX$5) -> 0 | AZ8: =COUNTIFS(Work!$D$3:$D$5800,'CFT Main'!$B8,Work!$N$3:$N$5800,'CFT Main'!$C8,Work!$G$3:$G$5800,"Ongoing",Work!$F$3:$F$5800,AZ$5) -> 0 | BA8: =COUNTIFS(Work!$D$3:$D$5800,'CFT Main'!$B8,Work!$N$3:$N$5800,'CFT Main'!$C8,Work!$G$3:$G$5800,"*Completed",Work!$F$3:$F$5800,AZ$5) -> 0 | BB8: =COUNTIFS(Work!$D$3:$D$5800,'CFT Main'!$B8,Work!$N$3:$N$5800,'CFT Main'!$C8,Work!$G$3:$G$5800,"Ongoing",Work!$F$3:$F$5800,BB$5) -> 0 | BC8: =COUNTIFS(Work!$D$3:$D$5800,'CFT Main'!$B8,Work!$N$3:$N$5800,'CFT Main'!$C8,Work!$G$3:$G$5800,"*Completed",Work!$F$3:$F$5800,BB$5) -> 0 | BD8: =COUNTIFS(Work!$D$3:$D$5800,'CFT Main'!$B8,Work!$N$3:$N$5800,'CFT Main'!$C8,Work!$G$3:$G$5800,"Ongoing",Work!$F$3:$F$5800,BD$5) -> 35 | BE8: =COUNTIFS(Work!$D$3:$D$5800,'CFT Main'!$B8,Work!$N$3:$N$5800,'CFT Main'!$C8,Work!$G$3:$G$5800,"*Completed",Work!$F$3:$F$5800,BD$5) -> 0
A9: 3 | B9: AMARPATAN | C9: LALPUR | D9: CHHIULA | E9: अश्वनी पटेल | F9: Add. NIKHIL MISHRA | G9: =SUMIFS(#REF!,'GP Main'!$B$8:$B$827,'CFT Main'!$B13,'GP Main'!$C$8:$C$827,'CFT Main'!$C13) -> #REF! | H9: =SUMIFS(#REF!,'GP Main'!$B$8:$B$827,'CFT Main'!$B13,'GP Main'!$C$8:$C$827,'CFT Main'!$C13) -> #REF! | I9: =SUMIFS(#REF!,'GP Main'!$B$8:$B$827,'CFT Main'!$B13,'GP Main'!$C$8:$C$827,'CFT Main'!$C13) -> #REF! | J9: =SUMIFS(#REF!,'GP Main'!$B$8:$B$827,'CFT Main'!$B13,'GP Main'!$C$8:$C$827,'CFT Main'!$C13) -> #REF! | K9: =SUMIFS(#REF!,'GP Main'!$B$8:$B$827,'CFT Main'!$B13,'GP Main'!$C$8:$C$827,'CFT Main'!$C13) -> #REF! | L9: =SUMIFS(#REF!,'GP Main'!$B$8:$B$827,'CFT Main'!$B13,'GP Main'!$C$8:$C$827,'CFT Main'!$C13) -> #REF! | M9: =SUMIFS(#REF!,'GP Main'!$B$8:$B$827,'CFT Main'!$B13,'GP Main'!$C$8:$C$827,'CFT Main'!$C13) -> #REF! | N9: =SUMIFS(#REF!,'GP Main'!$B$8:$B$827,'CFT Main'!$B13,'GP Main'!$C$8:$C$827,'CFT Main'!$C13) -> #REF! | ... AB9: =SUMIFS(#REF!,'GP Main'!$B$8:$B$827,'CFT Main'!$B13,'GP Main'!$C$8:$C$827,'CFT Main'!$C13) -> #REF! | AD9: =SUMIFS(#REF!,'GP Main'!$B$8:$B$827,'CFT Main'!$B13,'GP Main'!$C$8:$C$827,'CFT Main'!$C13) -> #REF! | AE9: =SUMIFS(#REF!,'GP Main'!$B$8:$B$827,'CFT Main'!$B13,'GP Main'!$C$8:$C$827,'CFT Main'!$C13) -> #REF! | AG9: =SUMIFS(#REF!,'GP Main'!$B$8:$B$827,'CFT Main'!$B13,'GP Main'!$C$8:$C$827,'CFT Main'!$C13) -> #REF! | AH9: =SUMIFS(#REF!,'GP Main'!$B$8:$B$827,'CFT Main'!$B13,'GP Main'!$C$8:$C$827,'CFT Main'!$C13) -> #REF! | AI9: =SUMIFS(#REF!,'GP Main'!$B$8:$B$827,'CFT Main'!$B13,'GP Main'!$C$8:$C$827,'CFT Main'!$C13) -> #REF! | AJ9: =SUMIFS(#REF!,'GP Main'!$B$8:$B$827,'CFT Main'!$B13,'GP Main'!$C$8:$C$827,'CFT Main'!$C13) -> #REF! | AK9: =SUMIFS(#REF!,'GP Main'!$B$8:$B$827,'CFT Main'!$B13,'GP Main'!$C$8:$C$827,'CFT Main'!$C13) -> #REF! | AM9: भूपेन्द्र सिंह अति0 | AN9: =COUNTIFS(Work!$D$3:$D$5800,'CFT Main'!$B9,Work!$N$3:$N$5800,'CFT Main'!$C9,Work!$G$3:$G$5800,"Ongoing") -> 51 | AO9: =COUNTIFS(Work!$D$3:$D$5800,'CFT Main'!$B9,Work!$N$3:$N$5800,'CFT Main'!$C9,Work!$G$3:$G$5800,"*Completed") -> 33 | AP9: =COUNTIFS(Work!$D$3:$D$5800,'CFT Main'!$B9,Work!$N$3:$N$5800,'CFT Main'!$C9,Work!$G$3:$G$5800,"Ongoing",Work!$F$3:$F$5800,AP$5) -> 8 | AQ9: =COUNTIFS(Work!$D$3:$D$5800,'CFT Main'!$B9,Work!$N$3:$N$5800,'CFT Main'!$C9,Work!$G$3:$G$5800,"*Completed",Work!$F$3:$F$5800,AP$5) -> 7 | AR9: =COUNTIFS(Work!$D$3:$D$5800,'CFT Main'!$B9,Work!$N$3:$N$5800,'CFT Main'!$C9,Work!$G$3:$G$5800,"Ongoing",Work!$F$3:$F$5800,AR$5) -> 3 | AS9: =COUNTIFS(Work!$D$3:$D$5800,'CFT Main'!$B9,Work!$N$3:$N$5800,'CFT Main'!$C9,Work!$G$3:$G$5800,"*Completed",Work!$F$3:$F$5800,AR$5) -> 18 | AT9: =COUNTIFS(Work!$D$3:$D$5800,'CFT Main'!$B9,Work!$N$3:$N$5800,'CFT Main'!$C9,Work!$G$3:$G$5800,"Ongoing",Work!$F$3:$F$5800,AT$5) -> 0 | AU9: =COUNTIFS(Work!$D$3:$D$5800,'CFT Main'!$B9,Work!$N$3:$N$5800,'CFT Main'!$C9,Work!$G$3:$G$5800,"*Completed",Work!$F$3:$F$5800,AT$5) -> 7 | AV9: =COUNTIFS(Work!$D$3:$D$5800,'CFT Main'!$B9,Work!$N$3:$N$5800,'CFT Main'!$C9,Work!$G$3:$G$5800,"Ongoing",Work!$F$3:$F$5800,AV$5) -> 0 | AW9: =COUNTIFS(Work!$D$3:$D$5800,'CFT Main'!$B9,Work!$N$3:$N$5800,'CFT Main'!$C9,Work!$G$3:$G$5800,"*Completed",Work!$F$3:$F$5800,AV$5) -> 1 | AX9: =COUNTIFS(Work!$D$3:$D$5800,'CFT Main'!$B9,Work!$N$3:$N$5800,'CFT Main'!$C9,Work!$G$3:$G$5800,"Ongoing",Work!$F$3:$F$5800,AX$5) -> 0 | AY9: =COUNTIFS(Work!$D$3:$D$5800,'CFT Main'!$B9,Work!$N$3:$N$5800,'CFT Main'!$C9,Work!$G$3:$G$5800,"*Completed",Work!$F$3:$F$5800,AX$5) -> 0 | AZ9: =COUNTIFS(Work!$D$3:$D$5800,'CFT Main'!$B9,Work!$N$3:$N$5800,'CFT Main'!$C9,Work!$G$3:$G$5800,"Ongoing",Work!$F$3:$F$5800,AZ$5) -> 0 | BA9: =COUNTIFS(Work!$D$3:$D$5800,'CFT Main'!$B9,Work!$N$3:$N$5800,'CFT Main'!$C9,Work!$G$3:$G$5800,"*Completed",Work!$F$3:$F$5800,AZ$5) -> 0 | BB9: =COUNTIFS(Work!$D$3:$D$5800,'CFT Main'!$B9,Work!$N$3:$N$5800,'CFT Main'!$C9,Work!$G$3:$G$5800,"Ongoing",Work!$F$3:$F$5800,BB$5) -> 0 | BC9: =COUNTIFS(Work!$D$3:$D$5800,'CFT Main'!$B9,Work!$N$3:$N$5800,'CFT Main'!$C9,Work!$G$3:$G$5800,"*Completed",Work!$F$3:$F$5800,BB$5) -> 0 | BD9: =COUNTIFS(Work!$D$3:$D$5800,'CFT Main'!$B9,Work!$N$3:$N$5800,'CFT Main'!$C9,Work!$G$3:$G$5800,"Ongoing",Work!$F$3:$F$5800,BD$5) -> 40 | BE9: =COUNTIFS(Work!$D$3:$D$5800,'CFT Main'!$B9,Work!$N$3:$N$5800,'CFT Main'!$C9,Work!$G$3:$G$5800,"*Completed",Work!$F$3:$F$5800,BD$5) -> 0
A10: 4 | B10: AMARPATAN | C10: BELA | D10: BHAUKHARI KHURD | E10: सुनील मिश्रा | F10: Add. NIKHIL MISHRA | G10: =SUMIFS(#REF!,'GP Main'!$B$8:$B$827,'CFT Main'!$B12,'GP Main'!$C$8:$C$827,'CFT Main'!$C12) -> #REF! | H10: =SUMIFS(#REF!,'GP Main'!$B$8:$B$827,'CFT Main'!$B12,'GP Main'!$C$8:$C$827,'CFT Main'!$C12) -> #REF! | I10: =SUMIFS(#REF!,'GP Main'!$B$8:$B$827,'CFT Main'!$B12,'GP Main'!$C$8:$C$827,'CFT Main'!$C12) -> #REF! | J10: =SUMIFS(#REF!,'GP Main'!$B$8:$B$827,'CFT Main'!$B12,'GP Main'!$C$8:$C$827,'CFT Main'!$C12) -> #REF! | K10: =SUMIFS(#REF!,'GP Main'!$B$8:$B$827,'CFT Main'!$B12,'GP Main'!$C$8:$C$827,'CFT Main'!$C12) -> #REF! | L10: =SUMIFS(#REF!,'GP Main'!$B$8:$B$827,'CFT Main'!$B12,'GP Main'!$C$8:$C$827,'CFT Main'!$C12) -> #REF! | M10: =SUMIFS(#REF!,'GP Main'!$B$8:$B$827,'CFT Main'!$B12,'GP Main'!$C$8:$C$827,'CFT Main'!$C12) -> #REF! | N10: =SUMIFS(#REF!,'GP Main'!$B$8:$B$827,'CFT Main'!$B12,'GP Main'!$C$8:$C$827,'CFT Main'!$C12) -> #REF! | ... AB10: =SUMIFS(#REF!,'GP Main'!$B$8:$B$827,'CFT Main'!$B12,'GP Main'!$C$8:$C$827,'CFT Main'!$C12) -> #REF! | AD10: =SUMIFS(#REF!,'GP Main'!$B$8:$B$827,'CFT Main'!$B12,'GP Main'!$C$8:$C$827,'CFT Main'!$C12) -> #REF! | AE10: =SUMIFS(#REF!,'GP Main'!$B$8:$B$827,'CFT Main'!$B12,'GP Main'!$C$8:$C$827,'CFT Main'!$C12) -> #REF! | AG10: =SUMIFS(#REF!,'GP Main'!$B$8:$B$827,'CFT Main'!$B12,'GP Main'!$C$8:$C$827,'CFT Main'!$C12) -> #REF! | AH10: =SUMIFS(#REF!,'GP Main'!$B$8:$B$827,'CFT Main'!$B12,'GP Main'!$C$8:$C$827,'CFT Main'!$C12) -> #REF! | AI10: =SUMIFS(#REF!,'GP Main'!$B$8:$B$827,'CFT Main'!$B12,'GP Main'!$C$8:$C$827,'CFT Main'!$C12) -> #REF! | AJ10: =SUMIFS(#REF!,'GP Main'!$B$8:$B$827,'CFT Main'!$B12,'GP Main'!$C$8:$C$827,'CFT Main'!$C12) -> #REF! | AK10: =SUMIFS(#REF!,'GP Main'!$B$8:$B$827,'CFT Main'!$B12,'GP Main'!$C$8:$C$827,'CFT Main'!$C12) -> #REF! | AM10: भूपेन्द्र सिंह अति0 | AN10: =COUNTIFS(Work!$D$3:$D$5800,'CFT Main'!$B10,Work!$N$3:$N$5800,'CFT Main'!$C10,Work!$G$3:$G$5800,"Ongoing") -> 35 | AO10: =COUNTIFS(Work!$D$3:$D$5800,'CFT Main'!$B10,Work!$N$3:$N$5800,'CFT Main'!$C10,Work!$G$3:$G$5800,"*Completed") -> 14 | AP10: =COUNTIFS(Work!$D$3:$D$5800,'CFT Main'!$B10,Work!$N$3:$N$5800,'CFT Main'!$C10,Work!$G$3:$G$5800,"Ongoing",Work!$F$3:$F$5800,AP$5) -> 7 | AQ10: =COUNTIFS(Work!$D$3:$D$5800,'CFT Main'!$B10,Work!$N$3:$N$5800,'CFT Main'!$C10,Work!$G$3:$G$5800,"*Completed",Work!$F$3:$F$5800,AP$5) -> 3 | AR10: =COUNTIFS(Work!$D$3:$D$5800,'CFT Main'!$B10,Work!$N$3:$N$5800,'CFT Main'!$C10,Work!$G$3:$G$5800,"Ongoing",Work!$F$3:$F$5800,AR$5) -> 3 | AS10: =COUNTIFS(Work!$D$3:$D$5800,'CFT Main'!$B10,Work!$N$3:$N$5800,'CFT Main'!$C10,Work!$G$3:$G$5800,"*Completed",Work!$F$3:$F$5800,AR$5) -> 6 | AT10: =COUNTIFS(Work!$D$3:$D$5800,'CFT Main'!$B10,Work!$N$3:$N$5800,'CFT Main'!$C10,Work!$G$3:$G$5800,"Ongoing",Work!$F$3:$F$5800,AT$5) -> 0 | AU10: =COUNTIFS(Work!$D$3:$D$5800,'CFT Main'!$B10,Work!$N$3:$N$5800,'CFT Main'!$C10,Work!$G$3:$G$5800,"*Completed",Work!$F$3:$F$5800,AT$5) -> 3 | AV10: =COUNTIFS(Work!$D$3:$D$5800,'CFT Main'!$B10,Work!$N$3:$N$5800,'CFT Main'!$C10,Work!$G$3:$G$5800,"Ongoing",Work!$F$3:$F$5800,AV$5) -> 0 | AW10: =COUNTIFS(Work!$D$3:$D$5800,'CFT Main'!$B10,Work!$N$3:$N$5800,'CFT Main'!$C10,Work!$G$3:$G$5800,"*Completed",Work!$F$3:$F$5800,AV$5) -> 2 | AX10: =COUNTIFS(Work!$D$3:$D$5800,'CFT Main'!$B10,Work!$N$3:$N$5800,'CFT Main'!$C10,Work!$G$3:$G$5800,"Ongoing",Work!$F$3:$F$5800,AX$5) -> 0 | AY10: =COUNTIFS(Work!$D$3:$D$5800,'CFT Main'!$B10,Work!$N$3:$N$5800,'CFT Main'!$C10,Work!$G$3:$G$5800,"*Completed",Work!$F$3:$F$5800,AX$5) -> 0 | AZ10: =COUNTIFS(Work!$D$3:$D$5800,'CFT Main'!$B10,Work!$N$3:$N$5800,'CFT Main'!$C10,Work!$G$3:$G$5800,"Ongoing",Work!$F$3:$F$5800,AZ$5) -> 0 | BA10: =COUNTIFS(Work!$D$3:$D$5800,'CFT Main'!$B10,Work!$N$3:$N$5800,'CFT Main'!$C10,Work!$G$3:$G$5800,"*Completed",Work!$F$3:$F$5800,AZ$5) -> 0 | BB10: =COUNTIFS(Work!$D$3:$D$5800,'CFT Main'!$B10,Work!$N$3:$N$5800,'CFT Main'!$C10,Work!$G$3:$G$5800,"Ongoing",Work!$F$3:$F$5800,BB$5) -> 0 | BC10: =COUNTIFS(Work!$D$3:$D$5800,'CFT Main'!$B10,Work!$N$3:$N$5800,'CFT Main'!$C10,Work!$G$3:$G$5800,"*Completed",Work!$F$3:$F$5800,BB$5) -> 0 | BD10: =COUNTIFS(Work!$D$3:$D$5800,'CFT Main'!$B10,Work!$N$3:$N$5800,'CFT Main'!$C10,Work!$G$3:$G$5800,"Ongoing",Work!$F$3:$F$5800,BD$5) -> 25 | BE10: =COUNTIFS(Work!$D$3:$D$5800,'CFT Main'!$B10,Work!$N$3:$N$5800,'CFT Main'!$C10,Work!$G$3:$G$5800,"*Completed",Work!$F$3:$F$5800,BD$5) -> 0
A11: 5 | B11: AMARPATAN | C11: MAUHARI KATARA | D11: BASEDA | E11: अनिल पटेल | F11: Add. NIKHIL MISHRA | G11: =SUMIFS(#REF!,'GP Main'!$B$8:$B$827,'CFT Main'!$B11,'GP Main'!$C$8:$C$827,'CFT Main'!$C11) -> #REF! | H11: =SUMIFS(#REF!,'GP Main'!$B$8:$B$827,'CFT Main'!$B11,'GP Main'!$C$8:$C$827,'CFT Main'!$C11) -> #REF! | I11: =SUMIFS(#REF!,'GP Main'!$B$8:$B$827,'CFT Main'!$B11,'GP Main'!$C$8:$C$827,'CFT Main'!$C11) -> #REF! | J11: =SUMIFS(#REF!,'GP Main'!$B$8:$B$827,'CFT Main'!$B11,'GP Main'!$C$8:$C$827,'CFT Main'!$C11) -> #REF! | K11: =SUMIFS(#REF!,'GP Main'!$B$8:$B$827,'CFT Main'!$B11,'GP Main'!$C$8:$C$827,'CFT Main'!$C11) -> #REF! | L11: =SUMIFS(#REF!,'GP Main'!$B$8:$B$827,'CFT Main'!$B11,'GP Main'!$C$8:$C$827,'CFT Main'!$C11) -> #REF! | M11: =SUMIFS(#REF!,'GP Main'!$B$8:$B$827,'CFT Main'!$B11,'GP Main'!$C$8:$C$827,'CFT Main'!$C11) -> #REF! | N11: =SUMIFS(#REF!,'GP Main'!$B$8:$B$827,'CFT Main'!$B11,'GP Main'!$C$8:$C$827,'CFT Main'!$C11) -> #REF! | ... AB11: =SUMIFS(#REF!,'GP Main'!$B$8:$B$827,'CFT Main'!$B11,'GP Main'!$C$8:$C$827,'CFT Main'!$C11) -> #REF! | AD11: =SUMIFS(#REF!,'GP Main'!$B$8:$B$827,'CFT Main'!$B11,'GP Main'!$C$8:$C$827,'CFT Main'!$C11) -> #REF! | AE11: =SUMIFS(#REF!,'GP Main'!$B$8:$B$827,'CFT Main'!$B11,'GP Main'!$C$8:$C$827,'CFT Main'!$C11) -> #REF! | AG11: =SUMIFS(#REF!,'GP Main'!$B$8:$B$827,'CFT Main'!$B11,'GP Main'!$C$8:$C$827,'CFT Main'!$C11) -> #REF! | AH11: =SUMIFS(#REF!,'GP Main'!$B$8:$B$827,'CFT Main'!$B11,'GP Main'!$C$8:$C$827,'CFT Main'!$C11) -> #REF! | AI11: =SUMIFS(#REF!,'GP Main'!$B$8:$B$827,'CFT Main'!$B11,'GP Main'!$C$8:$C$827,'CFT Main'!$C11) -> #REF! | AJ11: =SUMIFS(#REF!,'GP Main'!$B$8:$B$827,'CFT Main'!$B11,'GP Main'!$C$8:$C$827,'CFT Main'!$C11) -> #REF! | AK11: =SUMIFS(#REF!,'GP Main'!$B$8:$B$827,'CFT Main'!$B11,'GP Main'!$C$8:$C$827,'CFT Main'!$C11) -> #REF! | AM11: भूपेन्द्र सिंह अति0 | AN11: =COUNTIFS(Work!$D$3:$D$5800,'CFT Main'!$B11,Work!$N$3:$N$5800,'CFT Main'!$C11,Work!$G$3:$G$5800,"Ongoing") -> 50 | AO11: =COUNTIFS(Work!$D$3:$D$5800,'CFT Main'!$B11,Work!$N$3:$N$5800,'CFT Main'!$C11,Work!$G$3:$G$5800,"*Completed") -> 20 | AP11: =COUNTIFS(Work!$D$3:$D$5800,'CFT Main'!$B11,Work!$N$3:$N$5800,'CFT Main'!$C11,Work!$G$3:$G$5800,"Ongoing",Work!$F$3:$F$5800,AP$5) -> 8 | AQ11: =COUNTIFS(Work!$D$3:$D$5800,'CFT Main'!$B11,Work!$N$3:$N$5800,'CFT Main'!$C11,Work!$G$3:$G$5800,"*Completed",Work!$F$3:$F$5800,AP$5) -> 4 | AR11: =COUNTIFS(Work!$D$3:$D$5800,'CFT Main'!$B11,Work!$N$3:$N$5800,'CFT Main'!$C11,Work!$G$3:$G$5800,"Ongoing",Work!$F$3:$F$5800,AR$5) -> 8 | AS11: =COUNTIFS(Work!$D$3:$D$5800,'CFT Main'!$B11,Work!$N$3:$N$5800,'CFT Main'!$C11,Work!$G$3:$G$5800,"*Completed",Work!$F$3:$F$5800,AR$5) -> 5 | AT11: =COUNTIFS(Work!$D$3:$D$5800,'CFT Main'!$B11,Work!$N$3:$N$5800,'CFT Main'!$C11,Work!$G$3:$G$5800,"Ongoing",Work!$F$3:$F$5800,AT$5) -> 0 | AU11: =COUNTIFS(Work!$D$3:$D$5800,'CFT Main'!$B11,Work!$N$3:$N$5800,'CFT Main'!$C11,Work!$G$3:$G$5800,"*Completed",Work!$F$3:$F$5800,AT$5) -> 9 | AV11: =COUNTIFS(Work!$D$3:$D$5800,'CFT Main'!$B11,Work!$N$3:$N$5800,'CFT Main'!$C11,Work!$G$3:$G$5800,"Ongoing",Work!$F$3:$F$5800,AV$5) -> 0 | AW11: =COUNTIFS(Work!$D$3:$D$5800,'CFT Main'!$B11,Work!$N$3:$N$5800,'CFT Main'!$C11,Work!$G$3:$G$5800,"*Completed",Work!$F$3:$F$5800,AV$5) -> 2 | AX11: =COUNTIFS(Work!$D$3:$D$5800,'CFT Main'!$B11,Work!$N$3:$N$5800,'CFT Main'!$C11,Work!$G$3:$G$5800,"Ongoing",Work!$F$3:$F$5800,AX$5) -> 0 | AY11: =COUNTIFS(Work!$D$3:$D$5800,'CFT Main'!$B11,Work!$N$3:$N$5800,'CFT Main'!$C11,Work!$G$3:$G$5800,"*Completed",Work!$F$3:$F$5800,AX$5) -> 0 | AZ11: =COUNTIFS(Work!$D$3:$D$5800,'CFT Main'!$B11,Work!$N$3:$N$5800,'CFT Main'!$C11,Work!$G$3:$G$5800,"Ongoing",Work!$F$3:$F$5800,AZ$5) -> 0 | BA11: =COUNTIFS(Work!$D$3:$D$5800,'CFT Main'!$B11,Work!$N$3:$N$5800,'CFT Main'!$C11,Work!$G$3:$G$5800,"*Completed",Work!$F$3:$F$5800,AZ$5) -> 0 | BB11: =COUNTIFS(Work!$D$3:$D$5800,'CFT Main'!$B11,Work!$N$3:$N$5800,'CFT Main'!$C11,Work!$G$3:$G$5800,"Ongoing",Work!$F$3:$F$5800,BB$5) -> 0 | BC11: =COUNTIFS(Work!$D$3:$D$5800,'CFT Main'!$B11,Work!$N$3:$N$5800,'CFT Main'!$C11,Work!$G$3:$G$5800,"*Completed",Work!$F$3:$F$5800,BB$5) -> 0 | BD11: =COUNTIFS(Work!$D$3:$D$5800,'CFT Main'!$B11,Work!$N$3:$N$5800,'CFT Main'!$C11,Work!$G$3:$G$5800,"Ongoing",Work!$F$3:$F$5800,BD$5) -> 34 | BE11: =COUNTIFS(Work!$D$3:$D$5800,'CFT Main'!$B11,Work!$N$3:$N$5800,'CFT Main'!$C11,Work!$G$3:$G$5800,"*Completed",Work!$F$3:$F$5800,BD$5) -> 0
A12: 6 | B12: AMARPATAN | C12: PARASWAHI | D12: AMAHAN | E12: अनिल पटेल अति0 | F12: Add. NIKHIL MISHRA | G12: =SUMIFS(#REF!,'GP Main'!$B$8:$B$827,'CFT Main'!$B10,'GP Main'!$C$8:$C$827,'CFT Main'!$C10) -> #REF! | H12: =SUMIFS(#REF!,'GP Main'!$B$8:$B$827,'CFT Main'!$B10,'GP Main'!$C$8:$C$827,'CFT Main'!$C10) -> #REF! | I12: =SUMIFS(#REF!,'GP Main'!$B$8:$B$827,'CFT Main'!$B10,'GP Main'!$C$8:$C$827,'CFT Main'!$C10) -> #REF! | J12: =SUMIFS(#REF!,'GP Main'!$B$8:$B$827,'CFT Main'!$B10,'GP Main'!$C$8:$C$827,'CFT Main'!$C10) -> #REF! | K12: =SUMIFS(#REF!,'GP Main'!$B$8:$B$827,'CFT Main'!$B10,'GP Main'!$C$8:$C$827,'CFT Main'!$C10) -> #REF! | L12: =SUMIFS(#REF!,'GP Main'!$B$8:$B$827,'CFT Main'!$B10,'GP Main'!$C$8:$C$827,'CFT Main'!$C10) -> #REF! | M12: =SUMIFS(#REF!,'GP Main'!$B$8:$B$827,'CFT Main'!$B10,'GP Main'!$C$8:$C$827,'CFT Main'!$C10) -> #REF! | N12: =SUMIFS(#REF!,'GP Main'!$B$8:$B$827,'CFT Main'!$B10,'GP Main'!$C$8:$C$827,'CFT Main'!$C10) -> #REF! | ... AB12: =SUMIFS(#REF!,'GP Main'!$B$8:$B$827,'CFT Main'!$B10,'GP Main'!$C$8:$C$827,'CFT Main'!$C10) -> #REF! | AD12: =SUMIFS(#REF!,'GP Main'!$B$8:$B$827,'CFT Main'!$B10,'GP Main'!$C$8:$C$827,'CFT Main'!$C10) -> #REF! | AE12: =SUMIFS(#REF!,'GP Main'!$B$8:$B$827,'CFT Main'!$B10,'GP Main'!$C$8:$C$827,'CFT Main'!$C10) -> #REF! | AG12: =SUMIFS(#REF!,'GP Main'!$B$8:$B$827,'CFT Main'!$B10,'GP Main'!$C$8:$C$827,'CFT Main'!$C10) -> #REF! | AH12: =SUMIFS(#REF!,'GP Main'!$B$8:$B$827,'CFT Main'!$B10,'GP Main'!$C$8:$C$827,'CFT Main'!$C10) -> #REF! | AI12: =SUMIFS(#REF!,'GP Main'!$B$8:$B$827,'CFT Main'!$B10,'GP Main'!$C$8:$C$827,'CFT Main'!$C10) -> #REF! | AJ12: =SUMIFS(#REF!,'GP Main'!$B$8:$B$827,'CFT Main'!$B10,'GP Main'!$C$8:$C$827,'CFT Main'!$C10) -> #REF! | AK12: =SUMIFS(#REF!,'GP Main'!$B$8:$B$827,'CFT Main'!$B10,'GP Main'!$C$8:$C$827,'CFT Main'!$C10) -> #REF! | AM12: भूपेन्द्र सिंह अति0 | AN12: =COUNTIFS(Work!$D$3:$D$5800,'CFT Main'!$B12,Work!$N$3:$N$5800,'CFT Main'!$C12,Work!$G$3:$G$5800,"Ongoing") -> 48 | AO12: =COUNTIFS(Work!$D$3:$D$5800,'CFT Main'!$B12,Work!$N$3:$N$5800,'CFT Main'!$C12,Work!$G$3:$G$5800,"*Completed") -> 27 | AP12: =COUNTIFS(Work!$D$3:$D$5800,'CFT Main'!$B12,Work!$N$3:$N$5800,'CFT Main'!$C12,Work!$G$3:$G$5800,"Ongoing",Work!$F$3:$F$5800,AP$5) -> 8 | AQ12: =COUNTIFS(Work!$D$3:$D$5800,'CFT Main'!$B12,Work!$N$3:$N$5800,'CFT Main'!$C12,Work!$G$3:$G$5800,"*Completed",Work!$F$3:$F$5800,AP$5) -> 4 | AR12: =COUNTIFS(Work!$D$3:$D$5800,'CFT Main'!$B12,Work!$N$3:$N$5800,'CFT Main'!$C12,Work!$G$3:$G$5800,"Ongoing",Work!$F$3:$F$5800,AR$5) -> 3 | AS12: =COUNTIFS(Work!$D$3:$D$5800,'CFT Main'!$B12,Work!$N$3:$N$5800,'CFT Main'!$C12,Work!$G$3:$G$5800,"*Completed",Work!$F$3:$F$5800,AR$5) -> 18 | AT12: =COUNTIFS(Work!$D$3:$D$5800,'CFT Main'!$B12,Work!$N$3:$N$5800,'CFT Main'!$C12,Work!$G$3:$G$5800,"Ongoing",Work!$F$3:$F$5800,AT$5) -> 0 | AU12: =COUNTIFS(Work!$D$3:$D$5800,'CFT Main'!$B12,Work!$N$3:$N$5800,'CFT Main'!$C12,Work!$G$3:$G$5800,"*Completed",Work!$F$3:$F$5800,AT$5) -> 5 | AV12: =COUNTIFS(Work!$D$3:$D$5800,'CFT Main'!$B12,Work!$N$3:$N$5800,'CFT Main'!$C12,Work!$G$3:$G$5800,"Ongoing",Work!$F$3:$F$5800,AV$5) -> 0 | AW12: =COUNTIFS(Work!$D$3:$D$5800,'CFT Main'!$B12,Work!$N$3:$N$5800,'CFT Main'!$C12,Work!$G$3:$G$5800,"*Completed",Work!$F$3:$F$5800,AV$5) -> 0 | AX12: =COUNTIFS(Work!$D$3:$D$5800,'CFT Main'!$B12,Work!$N$3:$N$5800,'CFT Main'!$C12,Work!$G$3:$G$5800,"Ongoing",Work!$F$3:$F$5800,AX$5) -> 0 | AY12: =COUNTIFS(Work!$D$3:$D$5800,'CFT Main'!$B12,Work!$N$3:$N$5800,'CFT Main'!$C12,Work!$G$3:$G$5800,"*Completed",Work!$F$3:$F$5800,AX$5) -> 0 | AZ12: =COUNTIFS(Work!$D$3:$D$5800,'CFT Main'!$B12,Work!$N$3:$N$5800,'CFT Main'!$C12,Work!$G$3:$G$5800,"Ongoing",Work!$F$3:$F$5800,AZ$5) -> 0 | BA12: =COUNTIFS(Work!$D$3:$D$5800,'CFT Main'!$B12,Work!$N$3:$N$5800,'CFT Main'!$C12,Work!$G$3:$G$5800,"*Completed",Work!$F$3:$F$5800,AZ$5) -> 0 | BB12: =COUNTIFS(Work!$D$3:$D$5800,'CFT Main'!$B12,Work!$N$3:$N$5800,'CFT Main'!$C12,Work!$G$3:$G$5800,"Ongoing",Work!$F$3:$F$5800,BB$5) -> 0 | BC12: =COUNTIFS(Work!$D$3:$D$5800,'CFT Main'!$B12,Work!$N$3:$N$5800,'CFT Main'!$C12,Work!$G$3:$G$5800,"*Completed",Work!$F$3:$F$5800,BB$5) -> 0 | BD12: =COUNTIFS(Work!$D$3:$D$5800,'CFT Main'!$B12,Work!$N$3:$N$5800,'CFT Main'!$C12,Work!$G$3:$G$5800,"Ongoing",Work!$F$3:$F$5800,BD$5) -> 37 | BE12: =COUNTIFS(Work!$D$3:$D$5800,'CFT Main'!$B12,Work!$N$3:$N$5800,'CFT Main'!$C12,Work!$G$3:$G$5800,"*Completed",Work!$F$3:$F$5800,BD$5) -> 0
A13: 7 | B13: MAIHAR | C13: BADERA | D13: AALAMGANJ | E13: धनंजय त्रिपाठी | F13: Add. NIKHIL MISHRA | G13: =SUMIFS(#REF!,'GP Main'!$B$8:$B$827,'CFT Main'!$B7,'GP Main'!$C$8:$C$827,'CFT Main'!$C7) -> #REF! | H13: =SUMIFS(#REF!,'GP Main'!$B$8:$B$827,'CFT Main'!$B7,'GP Main'!$C$8:$C$827,'CFT Main'!$C7) -> #REF! | I13: =SUMIFS(#REF!,'GP Main'!$B$8:$B$827,'CFT Main'!$B7,'GP Main'!$C$8:$C$827,'CFT Main'!$C7) -> #REF! | J13: =SUMIFS(#REF!,'GP Main'!$B$8:$B$827,'CFT Main'!$B7,'GP Main'!$C$8:$C$827,'CFT Main'!$C7) -> #REF! | K13: =SUMIFS(#REF!,'GP Main'!$B$8:$B$827,'CFT Main'!$B7,'GP Main'!$C$8:$C$827,'CFT Main'!$C7) -> #REF! | L13: =SUMIFS(#REF!,'GP Main'!$B$8:$B$827,'CFT Main'!$B7,'GP Main'!$C$8:$C$827,'CFT Main'!$C7) -> #REF! | M13: =SUMIFS(#REF!,'GP Main'!$B$8:$B$827,'CFT Main'!$B7,'GP Main'!$C$8:$C$827,'CFT Main'!$C7) -> #REF! | N13: =SUMIFS(#REF!,'GP Main'!$B$8:$B$827,'CFT Main'!$B7,'GP Main'!$C$8:$C$827,'CFT Main'!$C7) -> #REF! | ... AB13: =SUMIFS(#REF!,'GP Main'!$B$8:$B$827,'CFT Main'!$B7,'GP Main'!$C$8:$C$827,'CFT Main'!$C7) -> #REF! | AD13: =SUMIFS(#REF!,'GP Main'!$B$8:$B$827,'CFT Main'!$B7,'GP Main'!$C$8:$C$827,'CFT Main'!$C7) -> #REF! | AE13: =SUMIFS(#REF!,'GP Main'!$B$8:$B$827,'CFT Main'!$B7,'GP Main'!$C$8:$C$827,'CFT Main'!$C7) -> #REF! | AG13: =SUMIFS(#REF!,'GP Main'!$B$8:$B$827,'CFT Main'!$B7,'GP Main'!$C$8:$C$827,'CFT Main'!$C7) -> #REF! | AH13: =SUMIFS(#REF!,'GP Main'!$B$8:$B$827,'CFT Main'!$B7,'GP Main'!$C$8:$C$827,'CFT Main'!$C7) -> #REF! | AI13: =SUMIFS(#REF!,'GP Main'!$B$8:$B$827,'CFT Main'!$B7,'GP Main'!$C$8:$C$827,'CFT Main'!$C7) -> #REF! | AJ13: =SUMIFS(#REF!,'GP Main'!$B$8:$B$827,'CFT Main'!$B7,'GP Main'!$C$8:$C$827,'CFT Main'!$C7) -> #REF! | AK13: =SUMIFS(#REF!,'GP Main'!$B$8:$B$827,'CFT Main'!$B7,'GP Main'!$C$8:$C$827,'CFT Main'!$C7) -> #REF! | AM13: परितोष सिंह | AN13: =COUNTIFS(Work!$D$3:$D$5800,'CFT Main'!$B13,Work!$N$3:$N$5800,'CFT Main'!$C13,Work!$G$3:$G$5800,"Ongoing") -> 25 | AO13: =COUNTIFS(Work!$D$3:$D$5800,'CFT Main'!$B13,Work!$N$3:$N$5800,'CFT Main'!$C13,Work!$G$3:$G$5800,"*Completed") -> 46 | AP13: =COUNTIFS(Work!$D$3:$D$5800,'CFT Main'!$B13,Work!$N$3:$N$5800,'CFT Main'!$C13,Work!$G$3:$G$5800,"Ongoing",Work!$F$3:$F$5800,AP$5) -> 10 | AQ13: =COUNTIFS(Work!$D$3:$D$5800,'CFT Main'!$B13,Work!$N$3:$N$5800,'CFT Main'!$C13,Work!$G$3:$G$5800,"*Completed",Work!$F$3:$F$5800,AP$5) -> 12 | AR13: =COUNTIFS(Work!$D$3:$D$5800,'CFT Main'!$B13,Work!$N$3:$N$5800,'CFT Main'!$C13,Work!$G$3:$G$5800,"Ongoing",Work!$F$3:$F$5800,AR$5) -> 3 | AS13: =COUNTIFS(Work!$D$3:$D$5800,'CFT Main'!$B13,Work!$N$3:$N$5800,'CFT Main'!$C13,Work!$G$3:$G$5800,"*Completed",Work!$F$3:$F$5800,AR$5) -> 9 | AT13: =COUNTIFS(Work!$D$3:$D$5800,'CFT Main'!$B13,Work!$N$3:$N$5800,'CFT Main'!$C13,Work!$G$3:$G$5800,"Ongoing",Work!$F$3:$F$5800,AT$5) -> 2 | AU13: =COUNTIFS(Work!$D$3:$D$5800,'CFT Main'!$B13,Work!$N$3:$N$5800,'CFT Main'!$C13,Work!$G$3:$G$5800,"*Completed",Work!$F$3:$F$5800,AT$5) -> 12 | AV13: =COUNTIFS(Work!$D$3:$D$5800,'CFT Main'!$B13,Work!$N$3:$N$5800,'CFT Main'!$C13,Work!$G$3:$G$5800,"Ongoing",Work!$F$3:$F$5800,AV$5) -> 2 | AW13: =COUNTIFS(Work!$D$3:$D$5800,'CFT Main'!$B13,Work!$N$3:$N$5800,'CFT Main'!$C13,Work!$G$3:$G$5800,"*Completed",Work!$F$3:$F$5800,AV$5) -> 0 | AX13: =COUNTIFS(Work!$D$3:$D$5800,'CFT Main'!$B13,Work!$N$3:$N$5800,'CFT Main'!$C13,Work!$G$3:$G$5800,"Ongoing",Work!$F$3:$F$5800,AX$5) -> 0 | AY13: =COUNTIFS(Work!$D$3:$D$5800,'CFT Main'!$B13,Work!$N$3:$N$5800,'CFT Main'!$C13,Work!$G$3:$G$5800,"*Completed",Work!$F$3:$F$5800,AX$5) -> 13 | AZ13: =COUNTIFS(Work!$D$3:$D$5800,'CFT Main'!$B13,Work!$N$3:$N$5800,'CFT Main'!$C13,Work!$G$3:$G$5800,"Ongoing",Work!$F$3:$F$5800,AZ$5) -> 0 | BA13: =COUNTIFS(Work!$D$3:$D$5800,'CFT Main'!$B13,Work!$N$3:$N$5800,'CFT Main'!$C13,Work!$G$3:$G$5800,"*Completed",Work!$F$3:$F$5800,AZ$5) -> 0 | BB13: =COUNTIFS(Work!$D$3:$D$5800,'CFT Main'!$B13,Work!$N$3:$N$5800,'CFT Main'!$C13,Work!$G$3:$G$5800,"Ongoing",Work!$F$3:$F$5800,BB$5) -> 0 | BC13: =COUNTIFS(Work!$D$3:$D$5800,'CFT Main'!$B13,Work!$N$3:$N$5800,'CFT Main'!$C13,Work!$G$3:$G$5800,"*Completed",Work!$F$3:$F$5800,BB$5) -> 0 | BD13: =COUNTIFS(Work!$D$3:$D$5800,'CFT Main'!$B13,Work!$N$3:$N$5800,'CFT Main'!$C13,Work!$G$3:$G$5800,"Ongoing",Work!$F$3:$F$5800,BD$5) -> 8 | BE13: =COUNTIFS(Work!$D$3:$D$5800,'CFT Main'!$B13,Work!$N$3:$N$5800,'CFT Main'!$C13,Work!$G$3:$G$5800,"*Completed",Work!$F$3:$F$5800,BD$5) -> 0
A14: 8 | B14: MAIHAR | C14: AMDARA | D14: ANTARIYA | E14: बृजेश सिंह | F14: Add. RP Tripathi | G14: =SUMIFS(#REF!,'GP Main'!$B$8:$B$827,'CFT Main'!$B16,'GP Main'!$C$8:$C$827,'CFT Main'!$C16) -> #REF! | H14: =SUMIFS(#REF!,'GP Main'!$B$8:$B$827,'CFT Main'!$B16,'GP Main'!$C$8:$C$827,'CFT Main'!$C16) -> #REF! | I14: =SUMIFS(#REF!,'GP Main'!$B$8:$B$827,'CFT Main'!$B16,'GP Main'!$C$8:$C$827,'CFT Main'!$C16) -> #REF! | J14: =SUMIFS(#REF!,'GP Main'!$B$8:$B$827,'CFT Main'!$B16,'GP Main'!$C$8:$C$827,'CFT Main'!$C16) -> #REF! | K14: =SUMIFS(#REF!,'GP Main'!$B$8:$B$827,'CFT Main'!$B16,'GP Main'!$C$8:$C$827,'CFT Main'!$C16) -> #REF! | L14: =SUMIFS(#REF!,'GP Main'!$B$8:$B$827,'CFT Main'!$B16,'GP Main'!$C$8:$C$827,'CFT Main'!$C16) -> #REF! | M14: =SUMIFS(#REF!,'GP Main'!$B$8:$B$827,'CFT Main'!$B16,'GP Main'!$C$8:$C$827,'CFT Main'!$C16) -> #REF! | N14: =SUMIFS(#REF!,'GP Main'!$B$8:$B$827,'CFT Main'!$B16,'GP Main'!$C$8:$C$827,'CFT Main'!$C16) -> #REF! | ... AB14: =SUMIFS(#REF!,'GP Main'!$B$8:$B$827,'CFT Main'!$B16,'GP Main'!$C$8:$C$827,'CFT Main'!$C16) -> #REF! | AD14: =SUMIFS(#REF!,'GP Main'!$B$8:$B$827,'CFT Main'!$B16,'GP Main'!$C$8:$C$827,'CFT Main'!$C16) -> #REF! | AE14: =SUMIFS(#REF!,'GP Main'!$B$8:$B$827,'CFT Main'!$B16,'GP Main'!$C$8:$C$827,'CFT Main'!$C16) -> #REF! | AG14: =SUMIFS(#REF!,'GP Main'!$B$8:$B$827,'CFT Main'!$B16,'GP Main'!$C$8:$C$827,'CFT Main'!$C16) -> #REF! | AH14: =SUMIFS(#REF!,'GP Main'!$B$8:$B$827,'CFT Main'!$B16,'GP Main'!$C$8:$C$827,'CFT Main'!$C16) -> #REF! | AI14: =SUMIFS(#REF!,'GP Main'!$B$8:$B$827,'CFT Main'!$B16,'GP Main'!$C$8:$C$827,'CFT Main'!$C16) -> #REF! | AJ14: =SUMIFS(#REF!,'GP Main'!$B$8:$B$827,'CFT Main'!$B16,'GP Main'!$C$8:$C$827,'CFT Main'!$C16) -> #REF! | AK14: =SUMIFS(#REF!,'GP Main'!$B$8:$B$827,'CFT Main'!$B16,'GP Main'!$C$8:$C$827,'CFT Main'!$C16) -> #REF! | AM14: परितोष सिंह | AN14: =COUNTIFS(Work!$D$3:$D$5800,'CFT Main'!$B14,Work!$N$3:$N$5800,'CFT Main'!$C14,Work!$G$3:$G$5800,"Ongoing") -> 64 | AO14: =COUNTIFS(Work!$D$3:$D$5800,'CFT Main'!$B14,Work!$N$3:$N$5800,'CFT Main'!$C14,Work!$G$3:$G$5800,"*Completed") -> 72 | AP14: =COUNTIFS(Work!$D$3:$D$5800,'CFT Main'!$B14,Work!$N$3:$N$5800,'CFT Main'!$C14,Work!$G$3:$G$5800,"Ongoing",Work!$F$3:$F$5800,AP$5) -> 18 | AQ14: =COUNTIFS(Work!$D$3:$D$5800,'CFT Main'!$B14,Work!$N$3:$N$5800,'CFT Main'!$C14,Work!$G$3:$G$5800,"*Completed",Work!$F$3:$F$5800,AP$5) -> 20 | AR14: =COUNTIFS(Work!$D$3:$D$5800,'CFT Main'!$B14,Work!$N$3:$N$5800,'CFT Main'!$C14,Work!$G$3:$G$5800,"Ongoing",Work!$F$3:$F$5800,AR$5) -> 4 | AS14: =COUNTIFS(Work!$D$3:$D$5800,'CFT Main'!$B14,Work!$N$3:$N$5800,'CFT Main'!$C14,Work!$G$3:$G$5800,"*Completed",Work!$F$3:$F$5800,AR$5) -> 19 | AT14: =COUNTIFS(Work!$D$3:$D$5800,'CFT Main'!$B14,Work!$N$3:$N$5800,'CFT Main'!$C14,Work!$G$3:$G$5800,"Ongoing",Work!$F$3:$F$5800,AT$5) -> 2 | AU14: =COUNTIFS(Work!$D$3:$D$5800,'CFT Main'!$B14,Work!$N$3:$N$5800,'CFT Main'!$C14,Work!$G$3:$G$5800,"*Completed",Work!$F$3:$F$5800,AT$5) -> 15 | AV14: =COUNTIFS(Work!$D$3:$D$5800,'CFT Main'!$B14,Work!$N$3:$N$5800,'CFT Main'!$C14,Work!$G$3:$G$5800,"Ongoing",Work!$F$3:$F$5800,AV$5) -> 2 | AW14: =COUNTIFS(Work!$D$3:$D$5800,'CFT Main'!$B14,Work!$N$3:$N$5800,'CFT Main'!$C14,Work!$G$3:$G$5800,"*Completed",Work!$F$3:$F$5800,AV$5) -> 3 | AX14: =COUNTIFS(Work!$D$3:$D$5800,'CFT Main'!$B14,Work!$N$3:$N$5800,'CFT Main'!$C14,Work!$G$3:$G$5800,"Ongoing",Work!$F$3:$F$5800,AX$5) -> 6 | AY14: =COUNTIFS(Work!$D$3:$D$5800,'CFT Main'!$B14,Work!$N$3:$N$5800,'CFT Main'!$C14,Work!$G$3:$G$5800,"*Completed",Work!$F$3:$F$5800,AX$5) -> 15 | AZ14: =COUNTIFS(Work!$D$3:$D$5800,'CFT Main'!$B14,Work!$N$3:$N$5800,'CFT Main'!$C14,Work!$G$3:$G$5800,"Ongoing",Work!$F$3:$F$5800,AZ$5) -> 0 | BA14: =COUNTIFS(Work!$D$3:$D$5800,'CFT Main'!$B14,Work!$N$3:$N$5800,'CFT Main'!$C14,Work!$G$3:$G$5800,"*Completed",Work!$F$3:$F$5800,AZ$5) -> 0 | BB14: =COUNTIFS(Work!$D$3:$D$5800,'CFT Main'!$B14,Work!$N$3:$N$5800,'CFT Main'!$C14,Work!$G$3:$G$5800,"Ongoing",Work!$F$3:$F$5800,BB$5) -> 2 | BC14: =COUNTIFS(Work!$D$3:$D$5800,'CFT Main'!$B14,Work!$N$3:$N$5800,'CFT Main'!$C14,Work!$G$3:$G$5800,"*Completed",Work!$F$3:$F$5800,BB$5) -> 0 | BD14: =COUNTIFS(Work!$D$3:$D$5800,'CFT Main'!$B14,Work!$N$3:$N$5800,'CFT Main'!$C14,Work!$G$3:$G$5800,"Ongoing",Work!$F$3:$F$5800,BD$5) -> 30 | BE14: =COUNTIFS(Work!$D$3:$D$5800,'CFT Main'!$B14,Work!$N$3:$N$5800,'CFT Main'!$C14,Work!$G$3:$G$5800,"*Completed",Work!$F$3:$F$5800,BD$5) -> 0
A15: 9 | B15: MAIHAR | C15: TILAURA | D15: BAHUTI | E15: राजा भैया सिंह | F15: Add. RP Tripathi | G15: =SUMIFS(#REF!,'GP Main'!$B$8:$B$827,'CFT Main'!$B19,'GP Main'!$C$8:$C$827,'CFT Main'!$C19) -> #REF! | H15: =SUMIFS(#REF!,'GP Main'!$B$8:$B$827,'CFT Main'!$B19,'GP Main'!$C$8:$C$827,'CFT Main'!$C19) -> #REF! | I15: =SUMIFS(#REF!,'GP Main'!$B$8:$B$827,'CFT Main'!$B19,'GP Main'!$C$8:$C$827,'CFT Main'!$C19) -> #REF! | J15: =SUMIFS(#REF!,'GP Main'!$B$8:$B$827,'CFT Main'!$B19,'GP Main'!$C$8:$C$827,'CFT Main'!$C19) -> #REF! | K15: =SUMIFS(#REF!,'GP Main'!$B$8:$B$827,'CFT Main'!$B19,'GP Main'!$C$8:$C$827,'CFT Main'!$C19) -> #REF! | L15: =SUMIFS(#REF!,'GP Main'!$B$8:$B$827,'CFT Main'!$B19,'GP Main'!$C$8:$C$827,'CFT Main'!$C19) -> #REF! | M15: =SUMIFS(#REF!,'GP Main'!$B$8:$B$827,'CFT Main'!$B19,'GP Main'!$C$8:$C$827,'CFT Main'!$C19) -> #REF! | N15: =SUMIFS(#REF!,'GP Main'!$B$8:$B$827,'CFT Main'!$B19,'GP Main'!$C$8:$C$827,'CFT Main'!$C19) -> #REF! | ... AB15: =SUMIFS(#REF!,'GP Main'!$B$8:$B$827,'CFT Main'!$B19,'GP Main'!$C$8:$C$827,'CFT Main'!$C19) -> #REF! | AD15: =SUMIFS(#REF!,'GP Main'!$B$8:$B$827,'CFT Main'!$B19,'GP Main'!$C$8:$C$827,'CFT Main'!$C19) -> #REF! | AE15: =SUMIFS(#REF!,'GP Main'!$B$8:$B$827,'CFT Main'!$B19,'GP Main'!$C$8:$C$827,'CFT Main'!$C19) -> #REF! | AG15: =SUMIFS(#REF!,'GP Main'!$B$8:$B$827,'CFT Main'!$B19,'GP Main'!$C$8:$C$827,'CFT Main'!$C19) -> #REF! | AH15: =SUMIFS(#REF!,'GP Main'!$B$8:$B$827,'CFT Main'!$B19,'GP Main'!$C$8:$C$827,'CFT Main'!$C19) -> #REF! | AI15: =SUMIFS(#REF!,'GP Main'!$B$8:$B$827,'CFT Main'!$B19,'GP Main'!$C$8:$C$827,'CFT Main'!$C19) -> #REF! | AJ15: =SUMIFS(#REF!,'GP Main'!$B$8:$B$827,'CFT Main'!$B19,'GP Main'!$C$8:$C$827,'CFT Main'!$C19) -> #REF! | AK15: =SUMIFS(#REF!,'GP Main'!$B$8:$B$827,'CFT Main'!$B19,'GP Main'!$C$8:$C$827,'CFT Main'!$C19) -> #REF! | AM15: परितोष सिंह | AN15: =COUNTIFS(Work!$D$3:$D$5800,'CFT Main'!$B15,Work!$N$3:$N$5800,'CFT Main'!$C15,Work!$G$3:$G$5800,"Ongoing") -> 40 | AO15: =COUNTIFS(Work!$D$3:$D$5800,'CFT Main'!$B15,Work!$N$3:$N$5800,'CFT Main'!$C15,Work!$G$3:$G$5800,"*Completed") -> 51 | AP15: =COUNTIFS(Work!$D$3:$D$5800,'CFT Main'!$B15,Work!$N$3:$N$5800,'CFT Main'!$C15,Work!$G$3:$G$5800,"Ongoing",Work!$F$3:$F$5800,AP$5) -> 21 | AQ15: =COUNTIFS(Work!$D$3:$D$5800,'CFT Main'!$B15,Work!$N$3:$N$5800,'CFT Main'!$C15,Work!$G$3:$G$5800,"*Completed",Work!$F$3:$F$5800,AP$5) -> 30 | AR15: =COUNTIFS(Work!$D$3:$D$5800,'CFT Main'!$B15,Work!$N$3:$N$5800,'CFT Main'!$C15,Work!$G$3:$G$5800,"Ongoing",Work!$F$3:$F$5800,AR$5) -> 1 | AS15: =COUNTIFS(Work!$D$3:$D$5800,'CFT Main'!$B15,Work!$N$3:$N$5800,'CFT Main'!$C15,Work!$G$3:$G$5800,"*Completed",Work!$F$3:$F$5800,AR$5) -> 17 | AT15: =COUNTIFS(Work!$D$3:$D$5800,'CFT Main'!$B15,Work!$N$3:$N$5800,'CFT Main'!$C15,Work!$G$3:$G$5800,"Ongoing",Work!$F$3:$F$5800,AT$5) -> 0 | AU15: =COUNTIFS(Work!$D$3:$D$5800,'CFT Main'!$B15,Work!$N$3:$N$5800,'CFT Main'!$C15,Work!$G$3:$G$5800,"*Completed",Work!$F$3:$F$5800,AT$5) -> 3 | AV15: =COUNTIFS(Work!$D$3:$D$5800,'CFT Main'!$B15,Work!$N$3:$N$5800,'CFT Main'!$C15,Work!$G$3:$G$5800,"Ongoing",Work!$F$3:$F$5800,AV$5) -> 3 | AW15: =COUNTIFS(Work!$D$3:$D$5800,'CFT Main'!$B15,Work!$N$3:$N$5800,'CFT Main'!$C15,Work!$G$3:$G$5800,"*Completed",Work!$F$3:$F$5800,AV$5) -> 1 | AX15: =COUNTIFS(Work!$D$3:$D$5800,'CFT Main'!$B15,Work!$N$3:$N$5800,'CFT Main'!$C15,Work!$G$3:$G$5800,"Ongoing",Work!$F$3:$F$5800,AX$5) -> 0 | AY15: =COUNTIFS(Work!$D$3:$D$5800,'CFT Main'!$B15,Work!$N$3:$N$5800,'CFT Main'!$C15,Work!$G$3:$G$5800,"*Completed",Work!$F$3:$F$5800,AX$5) -> 0 | AZ15: =COUNTIFS(Work!$D$3:$D$5800,'CFT Main'!$B15,Work!$N$3:$N$5800,'CFT Main'!$C15,Work!$G$3:$G$5800,"Ongoing",Work!$F$3:$F$5800,AZ$5) -> 0 | BA15: =COUNTIFS(Work!$D$3:$D$5800,'CFT Main'!$B15,Work!$N$3:$N$5800,'CFT Main'!$C15,Work!$G$3:$G$5800,"*Completed",Work!$F$3:$F$5800,AZ$5) -> 0 | BB15: =COUNTIFS(Work!$D$3:$D$5800,'CFT Main'!$B15,Work!$N$3:$N$5800,'CFT Main'!$C15,Work!$G$3:$G$5800,"Ongoing",Work!$F$3:$F$5800,BB$5) -> 0 | BC15: =COUNTIFS(Work!$D$3:$D$5800,'CFT Main'!$B15,Work!$N$3:$N$5800,'CFT Main'!$C15,Work!$G$3:$G$5800,"*Completed",Work!$F$3:$F$5800,BB$5) -> 0 | BD15: =COUNTIFS(Work!$D$3:$D$5800,'CFT Main'!$B15,Work!$N$3:$N$5800,'CFT Main'!$C15,Work!$G$3:$G$5800,"Ongoing",Work!$F$3:$F$5800,BD$5) -> 15 | BE15: =COUNTIFS(Work!$D$3:$D$5800,'CFT Main'!$B15,Work!$N$3:$N$5800,'CFT Main'!$C15,Work!$G$3:$G$5800,"*Completed",Work!$F$3:$F$5800,BD$5) -> 0
A16: 10 | B16: MAIHAR | C16: PAKARIYA | D16: ALHWA KHURD | E16: राज रंजन तिवारी अति0 | F16: Add. RP Tripathi | G16: =SUMIFS(#REF!,'GP Main'!$B$8:$B$827,'CFT Main'!$B14,'GP Main'!$C$8:$C$827,'CFT Main'!$C14) -> #REF! | H16: =SUMIFS(#REF!,'GP Main'!$B$8:$B$827,'CFT Main'!$B14,'GP Main'!$C$8:$C$827,'CFT Main'!$C14) -> #REF! | I16: =SUMIFS(#REF!,'GP Main'!$B$8:$B$827,'CFT Main'!$B14,'GP Main'!$C$8:$C$827,'CFT Main'!$C14) -> #REF! | J16: =SUMIFS(#REF!,'GP Main'!$B$8:$B$827,'CFT Main'!$B14,'GP Main'!$C$8:$C$827,'CFT Main'!$C14) -> #REF! | K16: =SUMIFS(#REF!,'GP Main'!$B$8:$B$827,'CFT Main'!$B14,'GP Main'!$C$8:$C$827,'CFT Main'!$C14) -> #REF! | L16: =SUMIFS(#REF!,'GP Main'!$B$8:$B$827,'CFT Main'!$B14,'GP Main'!$C$8:$C$827,'CFT Main'!$C14) -> #REF! | M16: =SUMIFS(#REF!,'GP Main'!$B$8:$B$827,'CFT Main'!$B14,'GP Main'!$C$8:$C$827,'CFT Main'!$C14) -> #REF! | N16: =SUMIFS(#REF!,'GP Main'!$B$8:$B$827,'CFT Main'!$B14,'GP Main'!$C$8:$C$827,'CFT Main'!$C14) -> #REF! | ... AB16: =SUMIFS(#REF!,'GP Main'!$B$8:$B$827,'CFT Main'!$B14,'GP Main'!$C$8:$C$827,'CFT Main'!$C14) -> #REF! | AD16: =SUMIFS(#REF!,'GP Main'!$B$8:$B$827,'CFT Main'!$B14,'GP Main'!$C$8:$C$827,'CFT Main'!$C14) -> #REF! | AE16: =SUMIFS(#REF!,'GP Main'!$B$8:$B$827,'CFT Main'!$B14,'GP Main'!$C$8:$C$827,'CFT Main'!$C14) -> #REF! | AG16: =SUMIFS(#REF!,'GP Main'!$B$8:$B$827,'CFT Main'!$B14,'GP Main'!$C$8:$C$827,'CFT Main'!$C14) -> #REF! | AH16: =SUMIFS(#REF!,'GP Main'!$B$8:$B$827,'CFT Main'!$B14,'GP Main'!$C$8:$C$827,'CFT Main'!$C14) -> #REF! | AI16: =SUMIFS(#REF!,'GP Main'!$B$8:$B$827,'CFT Main'!$B14,'GP Main'!$C$8:$C$827,'CFT Main'!$C14) -> #REF! | AJ16: =SUMIFS(#REF!,'GP Main'!$B$8:$B$827,'CFT Main'!$B14,'GP Main'!$C$8:$C$827,'CFT Main'!$C14) -> #REF! | AK16: =SUMIFS(#REF!,'GP Main'!$B$8:$B$827,'CFT Main'!$B14,'GP Main'!$C$8:$C$827,'CFT Main'!$C14) -> #REF! | AM16: परितोष सिंह | AN16: =COUNTIFS(Work!$D$3:$D$5800,'CFT Main'!$B16,Work!$N$3:$N$5800,'CFT Main'!$C16,Work!$G$3:$G$5800,"Ongoing") -> 22 | AO16: =COUNTIFS(Work!$D$3:$D$5800,'CFT Main'!$B16,Work!$N$3:$N$5800,'CFT Main'!$C16,Work!$G$3:$G$5800,"*Completed") -> 63 | AP16: =COUNTIFS(Work!$D$3:$D$5800,'CFT Main'!$B16,Work!$N$3:$N$5800,'CFT Main'!$C16,Work!$G$3:$G$5800,"Ongoing",Work!$F$3:$F$5800,AP$5) -> 7 | AQ16: =COUNTIFS(Work!$D$3:$D$5800,'CFT Main'!$B16,Work!$N$3:$N$5800,'CFT Main'!$C16,Work!$G$3:$G$5800,"*Completed",Work!$F$3:$F$5800,AP$5) -> 26 | AR16: =COUNTIFS(Work!$D$3:$D$5800,'CFT Main'!$B16,Work!$N$3:$N$5800,'CFT Main'!$C16,Work!$G$3:$G$5800,"Ongoing",Work!$F$3:$F$5800,AR$5) -> 2 | AS16: =COUNTIFS(Work!$D$3:$D$5800,'CFT Main'!$B16,Work!$N$3:$N$5800,'CFT Main'!$C16,Work!$G$3:$G$5800,"*Completed",Work!$F$3:$F$5800,AR$5) -> 19 | AT16: =COUNTIFS(Work!$D$3:$D$5800,'CFT Main'!$B16,Work!$N$3:$N$5800,'CFT Main'!$C16,Work!$G$3:$G$5800,"Ongoing",Work!$F$3:$F$5800,AT$5) -> 4 | AU16: =COUNTIFS(Work!$D$3:$D$5800,'CFT Main'!$B16,Work!$N$3:$N$5800,'CFT Main'!$C16,Work!$G$3:$G$5800,"*Completed",Work!$F$3:$F$5800,AT$5) -> 4 | AV16: =COUNTIFS(Work!$D$3:$D$5800,'CFT Main'!$B16,Work!$N$3:$N$5800,'CFT Main'!$C16,Work!$G$3:$G$5800,"Ongoing",Work!$F$3:$F$5800,AV$5) -> 0 | AW16: =COUNTIFS(Work!$D$3:$D$5800,'CFT Main'!$B16,Work!$N$3:$N$5800,'CFT Main'!$C16,Work!$G$3:$G$5800,"*Completed",Work!$F$3:$F$5800,AV$5) -> 9 | AX16: =COUNTIFS(Work!$D$3:$D$5800,'CFT Main'!$B16,Work!$N$3:$N$5800,'CFT Main'!$C16,Work!$G$3:$G$5800,"Ongoing",Work!$F$3:$F$5800,AX$5) -> 0 | AY16: =COUNTIFS(Work!$D$3:$D$5800,'CFT Main'!$B16,Work!$N$3:$N$5800,'CFT Main'!$C16,Work!$G$3:$G$5800,"*Completed",Work!$F$3:$F$5800,AX$5) -> 5 | AZ16: =COUNTIFS(Work!$D$3:$D$5800,'CFT Main'!$B16,Work!$N$3:$N$5800,'CFT Main'!$C16,Work!$G$3:$G$5800,"Ongoing",Work!$F$3:$F$5800,AZ$5) -> 0 | BA16: =COUNTIFS(Work!$D$3:$D$5800,'CFT Main'!$B16,Work!$N$3:$N$5800,'CFT Main'!$C16,Work!$G$3:$G$5800,"*Completed",Work!$F$3:$F$5800,AZ$5) -> 0 | BB16: =COUNTIFS(Work!$D$3:$D$5800,'CFT Main'!$B16,Work!$N$3:$N$5800,'CFT Main'!$C16,Work!$G$3:$G$5800,"Ongoing",Work!$F$3:$F$5800,BB$5) -> 0 | BC16: =COUNTIFS(Work!$D$3:$D$5800,'CFT Main'!$B16,Work!$N$3:$N$5800,'CFT Main'!$C16,Work!$G$3:$G$5800,"*Completed",Work!$F$3:$F$5800,BB$5) -> 0 | BD16: =COUNTIFS(Work!$D$3:$D$5800,'CFT Main'!$B16,Work!$N$3:$N$5800,'CFT Main'!$C16,Work!$G$3:$G$5800,"Ongoing",Work!$F$3:$F$5800,BD$5) -> 9 | BE16: =COUNTIFS(Work!$D$3:$D$5800,'CFT Main'!$B16,Work!$N$3:$N$5800,'CFT Main'!$C16,Work!$G$3:$G$5800,"*Completed",Work!$F$3:$F$5800,BD$5) -> 0
A17: 11 | B17: MAIHAR | C17: PONDI | D17: BADHAIYA | E17: जय अर्खेल | F17: Add. RP Tripathi | G17: =SUMIFS(#REF!,'GP Main'!$B$8:$B$827,'CFT Main'!$B18,'GP Main'!$C$8:$C$827,'CFT Main'!$C18) -> #REF! | H17: =SUMIFS(#REF!,'GP Main'!$B$8:$B$827,'CFT Main'!$B18,'GP Main'!$C$8:$C$827,'CFT Main'!$C18) -> #REF! | I17: =SUMIFS(#REF!,'GP Main'!$B$8:$B$827,'CFT Main'!$B18,'GP Main'!$C$8:$C$827,'CFT Main'!$C18) -> #REF! | J17: =SUMIFS(#REF!,'GP Main'!$B$8:$B$827,'CFT Main'!$B18,'GP Main'!$C$8:$C$827,'CFT Main'!$C18) -> #REF! | K17: =SUMIFS(#REF!,'GP Main'!$B$8:$B$827,'CFT Main'!$B18,'GP Main'!$C$8:$C$827,'CFT Main'!$C18) -> #REF! | L17: =SUMIFS(#REF!,'GP Main'!$B$8:$B$827,'CFT Main'!$B18,'GP Main'!$C$8:$C$827,'CFT Main'!$C18) -> #REF! | M17: =SUMIFS(#REF!,'GP Main'!$B$8:$B$827,'CFT Main'!$B18,'GP Main'!$C$8:$C$827,'CFT Main'!$C18) -> #REF! | N17: =SUMIFS(#REF!,'GP Main'!$B$8:$B$827,'CFT Main'!$B18,'GP Main'!$C$8:$C$827,'CFT Main'!$C18) -> #REF! | ... AB17: =SUMIFS(#REF!,'GP Main'!$B$8:$B$827,'CFT Main'!$B18,'GP Main'!$C$8:$C$827,'CFT Main'!$C18) -> #REF! | AD17: =SUMIFS(#REF!,'GP Main'!$B$8:$B$827,'CFT Main'!$B18,'GP Main'!$C$8:$C$827,'CFT Main'!$C18) -> #REF! | AE17: =SUMIFS(#REF!,'GP Main'!$B$8:$B$827,'CFT Main'!$B18,'GP Main'!$C$8:$C$827,'CFT Main'!$C18) -> #REF! | AG17: =SUMIFS(#REF!,'GP Main'!$B$8:$B$827,'CFT Main'!$B18,'GP Main'!$C$8:$C$827,'CFT Main'!$C18) -> #REF! | AH17: =SUMIFS(#REF!,'GP Main'!$B$8:$B$827,'CFT Main'!$B18,'GP Main'!$C$8:$C$827,'CFT Main'!$C18) -> #REF! | AI17: =SUMIFS(#REF!,'GP Main'!$B$8:$B$827,'CFT Main'!$B18,'GP Main'!$C$8:$C$827,'CFT Main'!$C18) -> #REF! | AJ17: =SUMIFS(#REF!,'GP Main'!$B$8:$B$827,'CFT Main'!$B18,'GP Main'!$C$8:$C$827,'CFT Main'!$C18) -> #REF! | AK17: =SUMIFS(#REF!,'GP Main'!$B$8:$B$827,'CFT Main'!$B18,'GP Main'!$C$8:$C$827,'CFT Main'!$C18) -> #REF! | AM17: परितोष सिंह | AN17: =COUNTIFS(Work!$D$3:$D$5800,'CFT Main'!$B17,Work!$N$3:$N$5800,'CFT Main'!$C17,Work!$G$3:$G$5800,"Ongoing") -> 30 | AO17: =COUNTIFS(Work!$D$3:$D$5800,'CFT Main'!$B17,Work!$N$3:$N$5800,'CFT Main'!$C17,Work!$G$3:$G$5800,"*Completed") -> 30 | AP17: =COUNTIFS(Work!$D$3:$D$5800,'CFT Main'!$B17,Work!$N$3:$N$5800,'CFT Main'!$C17,Work!$G$3:$G$5800,"Ongoing",Work!$F$3:$F$5800,AP$5) -> 12 | AQ17: =COUNTIFS(Work!$D$3:$D$5800,'CFT Main'!$B17,Work!$N$3:$N$5800,'CFT Main'!$C17,Work!$G$3:$G$5800,"*Completed",Work!$F$3:$F$5800,AP$5) -> 11 | AR17: =COUNTIFS(Work!$D$3:$D$5800,'CFT Main'!$B17,Work!$N$3:$N$5800,'CFT Main'!$C17,Work!$G$3:$G$5800,"Ongoing",Work!$F$3:$F$5800,AR$5) -> 3 | AS17: =COUNTIFS(Work!$D$3:$D$5800,'CFT Main'!$B17,Work!$N$3:$N$5800,'CFT Main'!$C17,Work!$G$3:$G$5800,"*Completed",Work!$F$3:$F$5800,AR$5) -> 8 | AT17: =COUNTIFS(Work!$D$3:$D$5800,'CFT Main'!$B17,Work!$N$3:$N$5800,'CFT Main'!$C17,Work!$G$3:$G$5800,"Ongoing",Work!$F$3:$F$5800,AT$5) -> 6 | AU17: =COUNTIFS(Work!$D$3:$D$5800,'CFT Main'!$B17,Work!$N$3:$N$5800,'CFT Main'!$C17,Work!$G$3:$G$5800,"*Completed",Work!$F$3:$F$5800,AT$5) -> 8 | AV17: =COUNTIFS(Work!$D$3:$D$5800,'CFT Main'!$B17,Work!$N$3:$N$5800,'CFT Main'!$C17,Work!$G$3:$G$5800,"Ongoing",Work!$F$3:$F$5800,AV$5) -> 1 | AW17: =COUNTIFS(Work!$D$3:$D$5800,'CFT Main'!$B17,Work!$N$3:$N$5800,'CFT Main'!$C17,Work!$G$3:$G$5800,"*Completed",Work!$F$3:$F$5800,AV$5) -> 0 | AX17: =COUNTIFS(Work!$D$3:$D$5800,'CFT Main'!$B17,Work!$N$3:$N$5800,'CFT Main'!$C17,Work!$G$3:$G$5800,"Ongoing",Work!$F$3:$F$5800,AX$5) -> 0 | AY17: =COUNTIFS(Work!$D$3:$D$5800,'CFT Main'!$B17,Work!$N$3:$N$5800,'CFT Main'!$C17,Work!$G$3:$G$5800,"*Completed",Work!$F$3:$F$5800,AX$5) -> 3 | AZ17: =COUNTIFS(Work!$D$3:$D$5800,'CFT Main'!$B17,Work!$N$3:$N$5800,'CFT Main'!$C17,Work!$G$3:$G$5800,"Ongoing",Work!$F$3:$F$5800,AZ$5) -> 0 | BA17: =COUNTIFS(Work!$D$3:$D$5800,'CFT Main'!$B17,Work!$N$3:$N$5800,'CFT Main'!$C17,Work!$G$3:$G$5800,"*Completed",Work!$F$3:$F$5800,AZ$5) -> 0 | BB17: =COUNTIFS(Work!$D$3:$D$5800,'CFT Main'!$B17,Work!$N$3:$N$5800,'CFT Main'!$C17,Work!$G$3:$G$5800,"Ongoing",Work!$F$3:$F$5800,BB$5) -> 0 | BC17: =COUNTIFS(Work!$D$3:$D$5800,'CFT Main'!$B17,Work!$N$3:$N$5800,'CFT Main'!$C17,Work!$G$3:$G$5800,"*Completed",Work!$F$3:$F$5800,BB$5) -> 0 | BD17: =COUNTIFS(Work!$D$3:$D$5800,'CFT Main'!$B17,Work!$N$3:$N$5800,'CFT Main'!$C17,Work!$G$3:$G$5800,"Ongoing",Work!$F$3:$F$5800,BD$5) -> 8 | BE17: =COUNTIFS(Work!$D$3:$D$5800,'CFT Main'!$B17,Work!$N$3:$N$5800,'CFT Main'!$C17,Work!$G$3:$G$5800,"*Completed",Work!$F$3:$F$5800,BD$5) -> 0
A18: 12 | B18: MAIHAR | C18: NADAN SHARDAPRASAD | D18: BANNA JAWAHARASINGH | E18: अभिषेक तिवारी | F18: Add. RP Tripathi | G18: =SUMIFS(#REF!,'GP Main'!$B$8:$B$827,'CFT Main'!$B20,'GP Main'!$C$8:$C$827,'CFT Main'!$C20) -> #REF! | H18: =SUMIFS(#REF!,'GP Main'!$B$8:$B$827,'CFT Main'!$B20,'GP Main'!$C$8:$C$827,'CFT Main'!$C20) -> #REF! | I18: =SUMIFS(#REF!,'GP Main'!$B$8:$B$827,'CFT Main'!$B20,'GP Main'!$C$8:$C$827,'CFT Main'!$C20) -> #REF! | J18: =SUMIFS(#REF!,'GP Main'!$B$8:$B$827,'CFT Main'!$B20,'GP Main'!$C$8:$C$827,'CFT Main'!$C20) -> #REF! | K18: =SUMIFS(#REF!,'GP Main'!$B$8:$B$827,'CFT Main'!$B20,'GP Main'!$C$8:$C$827,'CFT Main'!$C20) -> #REF! | L18: =SUMIFS(#REF!,'GP Main'!$B$8:$B$827,'CFT Main'!$B20,'GP Main'!$C$8:$C$827,'CFT Main'!$C20) -> #REF! | M18: =SUMIFS(#REF!,'GP Main'!$B$8:$B$827,'CFT Main'!$B20,'GP Main'!$C$8:$C$827,'CFT Main'!$C20) -> #REF! | N18: =SUMIFS(#REF!,'GP Main'!$B$8:$B$827,'CFT Main'!$B20,'GP Main'!$C$8:$C$827,'CFT Main'!$C20) -> #REF! | ... AB18: =SUMIFS(#REF!,'GP Main'!$B$8:$B$827,'CFT Main'!$B20,'GP Main'!$C$8:$C$827,'CFT Main'!$C20) -> #REF! | AD18: =SUMIFS(#REF!,'GP Main'!$B$8:$B$827,'CFT Main'!$B20,'GP Main'!$C$8:$C$827,'CFT Main'!$C20) -> #REF! | AE18: =SUMIFS(#REF!,'GP Main'!$B$8:$B$827,'CFT Main'!$B20,'GP Main'!$C$8:$C$827,'CFT Main'!$C20) -> #REF! | AG18: =SUMIFS(#REF!,'GP Main'!$B$8:$B$827,'CFT Main'!$B20,'GP Main'!$C$8:$C$827,'CFT Main'!$C20) -> #REF! | AH18: =SUMIFS(#REF!,'GP Main'!$B$8:$B$827,'CFT Main'!$B20,'GP Main'!$C$8:$C$827,'CFT Main'!$C20) -> #REF! | AI18: =SUMIFS(#REF!,'GP Main'!$B$8:$B$827,'CFT Main'!$B20,'GP Main'!$C$8:$C$827,'CFT Main'!$C20) -> #REF! | AJ18: =SUMIFS(#REF!,'GP Main'!$B$8:$B$827,'CFT Main'!$B20,'GP Main'!$C$8:$C$827,'CFT Main'!$C20) -> #REF! | AK18: =SUMIFS(#REF!,'GP Main'!$B$8:$B$827,'CFT Main'!$B20,'GP Main'!$C$8:$C$827,'CFT Main'!$C20) -> #REF! | AM18: परितोष सिंह | AN18: =COUNTIFS(Work!$D$3:$D$5800,'CFT Main'!$B18,Work!$N$3:$N$5800,'CFT Main'!$C18,Work!$G$3:$G$5800,"Ongoing") -> 49 | AO18: =COUNTIFS(Work!$D$3:$D$5800,'CFT Main'!$B18,Work!$N$3:$N$5800,'CFT Main'!$C18,Work!$G$3:$G$5800,"*Completed") -> 15 | AP18: =COUNTIFS(Work!$D$3:$D$5800,'CFT Main'!$B18,Work!$N$3:$N$5800,'CFT Main'!$C18,Work!$G$3:$G$5800,"Ongoing",Work!$F$3:$F$5800,AP$5) -> 18 | AQ18: =COUNTIFS(Work!$D$3:$D$5800,'CFT Main'!$B18,Work!$N$3:$N$5800,'CFT Main'!$C18,Work!$G$3:$G$5800,"*Completed",Work!$F$3:$F$5800,AP$5) -> 3 | AR18: =COUNTIFS(Work!$D$3:$D$5800,'CFT Main'!$B18,Work!$N$3:$N$5800,'CFT Main'!$C18,Work!$G$3:$G$5800,"Ongoing",Work!$F$3:$F$5800,AR$5) -> 9 | AS18: =COUNTIFS(Work!$D$3:$D$5800,'CFT Main'!$B18,Work!$N$3:$N$5800,'CFT Main'!$C18,Work!$G$3:$G$5800,"*Completed",Work!$F$3:$F$5800,AR$5) -> 6 | AT18: =COUNTIFS(Work!$D$3:$D$5800,'CFT Main'!$B18,Work!$N$3:$N$5800,'CFT Main'!$C18,Work!$G$3:$G$5800,"Ongoing",Work!$F$3:$F$5800,AT$5) -> 5 | AU18: =COUNTIFS(Work!$D$3:$D$5800,'CFT Main'!$B18,Work!$N$3:$N$5800,'CFT Main'!$C18,Work!$G$3:$G$5800,"*Completed",Work!$F$3:$F$5800,AT$5) -> 4 | AV18: =COUNTIFS(Work!$D$3:$D$5800,'CFT Main'!$B18,Work!$N$3:$N$5800,'CFT Main'!$C18,Work!$G$3:$G$5800,"Ongoing",Work!$F$3:$F$5800,AV$5) -> 3 | AW18: =COUNTIFS(Work!$D$3:$D$5800,'CFT Main'!$B18,Work!$N$3:$N$5800,'CFT Main'!$C18,Work!$G$3:$G$5800,"*Completed",Work!$F$3:$F$5800,AV$5) -> 0 | AX18: =COUNTIFS(Work!$D$3:$D$5800,'CFT Main'!$B18,Work!$N$3:$N$5800,'CFT Main'!$C18,Work!$G$3:$G$5800,"Ongoing",Work!$F$3:$F$5800,AX$5) -> 2 | AY18: =COUNTIFS(Work!$D$3:$D$5800,'CFT Main'!$B18,Work!$N$3:$N$5800,'CFT Main'!$C18,Work!$G$3:$G$5800,"*Completed",Work!$F$3:$F$5800,AX$5) -> 0 | AZ18: =COUNTIFS(Work!$D$3:$D$5800,'CFT Main'!$B18,Work!$N$3:$N$5800,'CFT Main'!$C18,Work!$G$3:$G$5800,"Ongoing",Work!$F$3:$F$5800,AZ$5) -> 0 | BA18: =COUNTIFS(Work!$D$3:$D$5800,'CFT Main'!$B18,Work!$N$3:$N$5800,'CFT Main'!$C18,Work!$G$3:$G$5800,"*Completed",Work!$F$3:$F$5800,AZ$5) -> 2 | BB18: =COUNTIFS(Work!$D$3:$D$5800,'CFT Main'!$B18,Work!$N$3:$N$5800,'CFT Main'!$C18,Work!$G$3:$G$5800,"Ongoing",Work!$F$3:$F$5800,BB$5) -> 0 | BC18: =COUNTIFS(Work!$D$3:$D$5800,'CFT Main'!$B18,Work!$N$3:$N$5800,'CFT Main'!$C18,Work!$G$3:$G$5800,"*Completed",Work!$F$3:$F$5800,BB$5) -> 0 | BD18: =COUNTIFS(Work!$D$3:$D$5800,'CFT Main'!$B18,Work!$N$3:$N$5800,'CFT Main'!$C18,Work!$G$3:$G$5800,"Ongoing",Work!$F$3:$F$5800,BD$5) -> 12 | BE18: =COUNTIFS(Work!$D$3:$D$5800,'CFT Main'!$B18,Work!$N$3:$N$5800,'CFT Main'!$C18,Work!$G$3:$G$5800,"*Completed",Work!$F$3:$F$5800,BD$5) -> 0
A19: 13 | B19: MAIHAR | C19: RIWARA | D19: ANTARAILAKALA | E19: योगेन्द्र सिंह | F19: Add. RP Tripathi | G19: =SUMIFS(#REF!,'GP Main'!$B$8:$B$827,'CFT Main'!$B15,'GP Main'!$C$8:$C$827,'CFT Main'!$C15) -> #REF! | H19: =SUMIFS(#REF!,'GP Main'!$B$8:$B$827,'CFT Main'!$B15,'GP Main'!$C$8:$C$827,'CFT Main'!$C15) -> #REF! | I19: =SUMIFS(#REF!,'GP Main'!$B$8:$B$827,'CFT Main'!$B15,'GP Main'!$C$8:$C$827,'CFT Main'!$C15) -> #REF! | J19: =SUMIFS(#REF!,'GP Main'!$B$8:$B$827,'CFT Main'!$B15,'GP Main'!$C$8:$C$827,'CFT Main'!$C15) -> #REF! | K19: =SUMIFS(#REF!,'GP Main'!$B$8:$B$827,'CFT Main'!$B15,'GP Main'!$C$8:$C$827,'CFT Main'!$C15) -> #REF! | L19: =SUMIFS(#REF!,'GP Main'!$B$8:$B$827,'CFT Main'!$B15,'GP Main'!$C$8:$C$827,'CFT Main'!$C15) -> #REF! | M19: =SUMIFS(#REF!,'GP Main'!$B$8:$B$827,'CFT Main'!$B15,'GP Main'!$C$8:$C$827,'CFT Main'!$C15) -> #REF! | N19: =SUMIFS(#REF!,'GP Main'!$B$8:$B$827,'CFT Main'!$B15,'GP Main'!$C$8:$C$827,'CFT Main'!$C15) -> #REF! | ... AB19: =SUMIFS(#REF!,'GP Main'!$B$8:$B$827,'CFT Main'!$B15,'GP Main'!$C$8:$C$827,'CFT Main'!$C15) -> #REF! | AD19: =SUMIFS(#REF!,'GP Main'!$B$8:$B$827,'CFT Main'!$B15,'GP Main'!$C$8:$C$827,'CFT Main'!$C15) -> #REF! | AE19: =SUMIFS(#REF!,'GP Main'!$B$8:$B$827,'CFT Main'!$B15,'GP Main'!$C$8:$C$827,'CFT Main'!$C15) -> #REF! | AG19: =SUMIFS(#REF!,'GP Main'!$B$8:$B$827,'CFT Main'!$B15,'GP Main'!$C$8:$C$827,'CFT Main'!$C15) -> #REF! | AH19: =SUMIFS(#REF!,'GP Main'!$B$8:$B$827,'CFT Main'!$B15,'GP Main'!$C$8:$C$827,'CFT Main'!$C15) -> #REF! | AI19: =SUMIFS(#REF!,'GP Main'!$B$8:$B$827,'CFT Main'!$B15,'GP Main'!$C$8:$C$827,'CFT Main'!$C15) -> #REF! | AJ19: =SUMIFS(#REF!,'GP Main'!$B$8:$B$827,'CFT Main'!$B15,'GP Main'!$C$8:$C$827,'CFT Main'!$C15) -> #REF! | AK19: =SUMIFS(#REF!,'GP Main'!$B$8:$B$827,'CFT Main'!$B15,'GP Main'!$C$8:$C$827,'CFT Main'!$C15) -> #REF! | AM19: परितोष सिंह | AN19: =COUNTIFS(Work!$D$3:$D$5800,'CFT Main'!$B19,Work!$N$3:$N$5800,'CFT Main'!$C19,Work!$G$3:$G$5800,"Ongoing") -> 62 | AO19: =COUNTIFS(Work!$D$3:$D$5800,'CFT Main'!$B19,Work!$N$3:$N$5800,'CFT Main'!$C19,Work!$G$3:$G$5800,"*Completed") -> 31 | AP19: =COUNTIFS(Work!$D$3:$D$5800,'CFT Main'!$B19,Work!$N$3:$N$5800,'CFT Main'!$C19,Work!$G$3:$G$5800,"Ongoing",Work!$F$3:$F$5800,AP$5) -> 24 | AQ19: =COUNTIFS(Work!$D$3:$D$5800,'CFT Main'!$B19,Work!$N$3:$N$5800,'CFT Main'!$C19,Work!$G$3:$G$5800,"*Completed",Work!$F$3:$F$5800,AP$5) -> 15 | AR19: =COUNTIFS(Work!$D$3:$D$5800,'CFT Main'!$B19,Work!$N$3:$N$5800,'CFT Main'!$C19,Work!$G$3:$G$5800,"Ongoing",Work!$F$3:$F$5800,AR$5) -> 6 | AS19: =COUNTIFS(Work!$D$3:$D$5800,'CFT Main'!$B19,Work!$N$3:$N$5800,'CFT Main'!$C19,Work!$G$3:$G$5800,"*Completed",Work!$F$3:$F$5800,AR$5) -> 6 | AT19: =COUNTIFS(Work!$D$3:$D$5800,'CFT Main'!$B19,Work!$N$3:$N$5800,'CFT Main'!$C19,Work!$G$3:$G$5800,"Ongoing",Work!$F$3:$F$5800,AT$5) -> 4 | AU19: =COUNTIFS(Work!$D$3:$D$5800,'CFT Main'!$B19,Work!$N$3:$N$5800,'CFT Main'!$C19,Work!$G$3:$G$5800,"*Completed",Work!$F$3:$F$5800,AT$5) -> 4 | AV19: =COUNTIFS(Work!$D$3:$D$5800,'CFT Main'!$B19,Work!$N$3:$N$5800,'CFT Main'!$C19,Work!$G$3:$G$5800,"Ongoing",Work!$F$3:$F$5800,AV$5) -> 8 | AW19: =COUNTIFS(Work!$D$3:$D$5800,'CFT Main'!$B19,Work!$N$3:$N$5800,'CFT Main'!$C19,Work!$G$3:$G$5800,"*Completed",Work!$F$3:$F$5800,AV$5) -> 3 | AX19: =COUNTIFS(Work!$D$3:$D$5800,'CFT Main'!$B19,Work!$N$3:$N$5800,'CFT Main'!$C19,Work!$G$3:$G$5800,"Ongoing",Work!$F$3:$F$5800,AX$5) -> 1 | AY19: =COUNTIFS(Work!$D$3:$D$5800,'CFT Main'!$B19,Work!$N$3:$N$5800,'CFT Main'!$C19,Work!$G$3:$G$5800,"*Completed",Work!$F$3:$F$5800,AX$5) -> 3 | AZ19: =COUNTIFS(Work!$D$3:$D$5800,'CFT Main'!$B19,Work!$N$3:$N$5800,'CFT Main'!$C19,Work!$G$3:$G$5800,"Ongoing",Work!$F$3:$F$5800,AZ$5) -> 0 | BA19: =COUNTIFS(Work!$D$3:$D$5800,'CFT Main'!$B19,Work!$N$3:$N$5800,'CFT Main'!$C19,Work!$G$3:$G$5800,"*Completed",Work!$F$3:$F$5800,AZ$5) -> 0 | BB19: =COUNTIFS(Work!$D$3:$D$5800,'CFT Main'!$B19,Work!$N$3:$N$5800,'CFT Main'!$C19,Work!$G$3:$G$5800,"Ongoing",Work!$F$3:$F$5800,BB$5) -> 0 | BC19: =COUNTIFS(Work!$D$3:$D$5800,'CFT Main'!$B19,Work!$N$3:$N$5800,'CFT Main'!$C19,Work!$G$3:$G$5800,"*Completed",Work!$F$3:$F$5800,BB$5) -> 0 | BD19: =COUNTIFS(Work!$D$3:$D$5800,'CFT Main'!$B19,Work!$N$3:$N$5800,'CFT Main'!$C19,Work!$G$3:$G$5800,"Ongoing",Work!$F$3:$F$5800,BD$5) -> 19 | BE19: =COUNTIFS(Work!$D$3:$D$5800,'CFT Main'!$B19,Work!$N$3:$N$5800,'CFT Main'!$C19,Work!$G$3:$G$5800,"*Completed",Work!$F$3:$F$5800,BD$5) -> 0
A20: 14 | B20: MAIHAR | C20: GOBRI | D20: BAAWAN GARHA | E20: श्रीमती मीना अग्रवाल | F20: Add. RP Tripathi | G20: =SUMIFS(#REF!,'GP Main'!$B$8:$B$827,'CFT Main'!$B17,'GP Main'!$C$8:$C$827,'CFT Main'!$C17) -> #REF! | H20: =SUMIFS(#REF!,'GP Main'!$B$8:$B$827,'CFT Main'!$B17,'GP Main'!$C$8:$C$827,'CFT Main'!$C17) -> #REF! | I20: =SUMIFS(#REF!,'GP Main'!$B$8:$B$827,'CFT Main'!$B17,'GP Main'!$C$8:$C$827,'CFT Main'!$C17) -> #REF! | J20: =SUMIFS(#REF!,'GP Main'!$B$8:$B$827,'CFT Main'!$B17,'GP Main'!$C$8:$C$827,'CFT Main'!$C17) -> #REF! | K20: =SUMIFS(#REF!,'GP Main'!$B$8:$B$827,'CFT Main'!$B17,'GP Main'!$C$8:$C$827,'CFT Main'!$C17) -> #REF! | L20: =SUMIFS(#REF!,'GP Main'!$B$8:$B$827,'CFT Main'!$B17,'GP Main'!$C$8:$C$827,'CFT Main'!$C17) -> #REF! | M20: =SUMIFS(#REF!,'GP Main'!$B$8:$B$827,'CFT Main'!$B17,'GP Main'!$C$8:$C$827,'CFT Main'!$C17) -> #REF! | N20: =SUMIFS(#REF!,'GP Main'!$B$8:$B$827,'CFT Main'!$B17,'GP Main'!$C$8:$C$827,'CFT Main'!$C17) -> #REF! | ... AB20: =SUMIFS(#REF!,'GP Main'!$B$8:$B$827,'CFT Main'!$B17,'GP Main'!$C$8:$C$827,'CFT Main'!$C17) -> #REF! | AD20: =SUMIFS(#REF!,'GP Main'!$B$8:$B$827,'CFT Main'!$B17,'GP Main'!$C$8:$C$827,'CFT Main'!$C17) -> #REF! | AE20: =SUMIFS(#REF!,'GP Main'!$B$8:$B$827,'CFT Main'!$B17,'GP Main'!$C$8:$C$827,'CFT Main'!$C17) -> #REF! | AG20: =SUMIFS(#REF!,'GP Main'!$B$8:$B$827,'CFT Main'!$B17,'GP Main'!$C$8:$C$827,'CFT Main'!$C17) -> #REF! | AH20: =SUMIFS(#REF!,'GP Main'!$B$8:$B$827,'CFT Main'!$B17,'GP Main'!$C$8:$C$827,'CFT Main'!$C17) -> #REF! | AI20: =SUMIFS(#REF!,'GP Main'!$B$8:$B$827,'CFT Main'!$B17,'GP Main'!$C$8:$C$827,'CFT Main'!$C17) -> #REF! | AJ20: =SUMIFS(#REF!,'GP Main'!$B$8:$B$827,'CFT Main'!$B17,'GP Main'!$C$8:$C$827,'CFT Main'!$C17) -> #REF! | AK20: =SUMIFS(#REF!,'GP Main'!$B$8:$B$827,'CFT Main'!$B17,'GP Main'!$C$8:$C$827,'CFT Main'!$C17) -> #REF! | AM20: परितोष सिंह | AN20: =COUNTIFS(Work!$D$3:$D$5800,'CFT Main'!$B20,Work!$N$3:$N$5800,'CFT Main'!$C20,Work!$G$3:$G$5800,"Ongoing") -> 20 | AO20: =COUNTIFS(Work!$D$3:$D$5800,'CFT Main'!$B20,Work!$N$3:$N$5800,'CFT Main'!$C20,Work!$G$3:$G$5800,"*Completed") -> 36 | AP20: =COUNTIFS(Work!$D$3:$D$5800,'CFT Main'!$B20,Work!$N$3:$N$5800,'CFT Main'!$C20,Work!$G$3:$G$5800,"Ongoing",Work!$F$3:$F$5800,AP$5) -> 6 | AQ20: =COUNTIFS(Work!$D$3:$D$5800,'CFT Main'!$B20,Work!$N$3:$N$5800,'CFT Main'!$C20,Work!$G$3:$G$5800,"*Completed",Work!$F$3:$F$5800,AP$5) -> 18 | AR20: =COUNTIFS(Work!$D$3:$D$5800,'CFT Main'!$B20,Work!$N$3:$N$5800,'CFT Main'!$C20,Work!$G$3:$G$5800,"Ongoing",Work!$F$3:$F$5800,AR$5) -> 2 | AS20: =COUNTIFS(Work!$D$3:$D$5800,'CFT Main'!$B20,Work!$N$3:$N$5800,'CFT Main'!$C20,Work!$G$3:$G$5800,"*Completed",Work!$F$3:$F$5800,AR$5) -> 10 | AT20: =COUNTIFS(Work!$D$3:$D$5800,'CFT Main'!$B20,Work!$N$3:$N$5800,'CFT Main'!$C20,Work!$G$3:$G$5800,"Ongoing",Work!$F$3:$F$5800,AT$5) -> 0 | AU20: =COUNTIFS(Work!$D$3:$D$5800,'CFT Main'!$B20,Work!$N$3:$N$5800,'CFT Main'!$C20,Work!$G$3:$G$5800,"*Completed",Work!$F$3:$F$5800,AT$5) -> 5 | AV20: =COUNTIFS(Work!$D$3:$D$5800,'CFT Main'!$B20,Work!$N$3:$N$5800,'CFT Main'!$C20,Work!$G$3:$G$5800,"Ongoing",Work!$F$3:$F$5800,AV$5) -> 0 | AW20: =COUNTIFS(Work!$D$3:$D$5800,'CFT Main'!$B20,Work!$N$3:$N$5800,'CFT Main'!$C20,Work!$G$3:$G$5800,"*Completed",Work!$F$3:$F$5800,AV$5) -> 3 | AX20: =COUNTIFS(Work!$D$3:$D$5800,'CFT Main'!$B20,Work!$N$3:$N$5800,'CFT Main'!$C20,Work!$G$3:$G$5800,"Ongoing",Work!$F$3:$F$5800,AX$5) -> 0 | AY20: =COUNTIFS(Work!$D$3:$D$5800,'CFT Main'!$B20,Work!$N$3:$N$5800,'CFT Main'!$C20,Work!$G$3:$G$5800,"*Completed",Work!$F$3:$F$5800,AX$5) -> 0 | AZ20: =COUNTIFS(Work!$D$3:$D$5800,'CFT Main'!$B20,Work!$N$3:$N$5800,'CFT Main'!$C20,Work!$G$3:$G$5800,"Ongoing",Work!$F$3:$F$5800,AZ$5) -> 1 | BA20: =COUNTIFS(Work!$D$3:$D$5800,'CFT Main'!$B20,Work!$N$3:$N$5800,'CFT Main'!$C20,Work!$G$3:$G$5800,"*Completed",Work!$F$3:$F$5800,AZ$5) -> 0 | BB20: =COUNTIFS(Work!$D$3:$D$5800,'CFT Main'!$B20,Work!$N$3:$N$5800,'CFT Main'!$C20,Work!$G$3:$G$5800,"Ongoing",Work!$F$3:$F$5800,BB$5) -> 0 | BC20: =COUNTIFS(Work!$D$3:$D$5800,'CFT Main'!$B20,Work!$N$3:$N$5800,'CFT Main'!$C20,Work!$G$3:$G$5800,"*Completed",Work!$F$3:$F$5800,BB$5) -> 0 | BD20: =COUNTIFS(Work!$D$3:$D$5800,'CFT Main'!$B20,Work!$N$3:$N$5800,'CFT Main'!$C20,Work!$G$3:$G$5800,"Ongoing",Work!$F$3:$F$5800,BD$5) -> 11 | BE20: =COUNTIFS(Work!$D$3:$D$5800,'CFT Main'!$B20,Work!$N$3:$N$5800,'CFT Main'!$C20,Work!$G$3:$G$5800,"*Completed",Work!$F$3:$F$5800,BD$5) -> 0
A21: 15 | B21: MAIHAR | C21: KUSEDI | D21: BELAUHIKALA | E21: राज रंजन तिवारी | F21: Add. RP Tripathi | G21: =SUMIFS(#REF!,'GP Main'!$B$8:$B$827,'CFT Main'!$B21,'GP Main'!$C$8:$C$827,'CFT Main'!$C21) -> #REF! | H21: =SUMIFS(#REF!,'GP Main'!$B$8:$B$827,'CFT Main'!$B21,'GP Main'!$C$8:$C$827,'CFT Main'!$C21) -> #REF! | I21: =SUMIFS(#REF!,'GP Main'!$B$8:$B$827,'CFT Main'!$B21,'GP Main'!$C$8:$C$827,'CFT Main'!$C21) -> #REF! | J21: =SUMIFS(#REF!,'GP Main'!$B$8:$B$827,'CFT Main'!$B21,'GP Main'!$C$8:$C$827,'CFT Main'!$C21) -> #REF! | K21: =SUMIFS(#REF!,'GP Main'!$B$8:$B$827,'CFT Main'!$B21,'GP Main'!$C$8:$C$827,'CFT Main'!$C21) -> #REF! | L21: =SUMIFS(#REF!,'GP Main'!$B$8:$B$827,'CFT Main'!$B21,'GP Main'!$C$8:$C$827,'CFT Main'!$C21) -> #REF! | M21: =SUMIFS(#REF!,'GP Main'!$B$8:$B$827,'CFT Main'!$B21,'GP Main'!$C$8:$C$827,'CFT Main'!$C21) -> #REF! | N21: =SUMIFS(#REF!,'GP Main'!$B$8:$B$827,'CFT Main'!$B21,'GP Main'!$C$8:$C$827,'CFT Main'!$C21) -> #REF! | ... AB21: =SUMIFS(#REF!,'GP Main'!$B$8:$B$827,'CFT Main'!$B21,'GP Main'!$C$8:$C$827,'CFT Main'!$C21) -> #REF! | AD21: =SUMIFS(#REF!,'GP Main'!$B$8:$B$827,'CFT Main'!$B21,'GP Main'!$C$8:$C$827,'CFT Main'!$C21) -> #REF! | AE21: =SUMIFS(#REF!,'GP Main'!$B$8:$B$827,'CFT Main'!$B21,'GP Main'!$C$8:$C$827,'CFT Main'!$C21) -> #REF! | AG21: =SUMIFS(#REF!,'GP Main'!$B$8:$B$827,'CFT Main'!$B21,'GP Main'!$C$8:$C$827,'CFT Main'!$C21) -> #REF! | AH21: =SUMIFS(#REF!,'GP Main'!$B$8:$B$827,'CFT Main'!$B21,'GP Main'!$C$8:$C$827,'CFT Main'!$C21) -> #REF! | AI21: =SUMIFS(#REF!,'GP Main'!$B$8:$B$827,'CFT Main'!$B21,'GP Main'!$C$8:$C$827,'CFT Main'!$C21) -> #REF! | AJ21: =SUMIFS(#REF!,'GP Main'!$B$8:$B$827,'CFT Main'!$B21,'GP Main'!$C$8:$C$827,'CFT Main'!$C21) -> #REF! | AK21: =SUMIFS(#REF!,'GP Main'!$B$8:$B$827,'CFT Main'!$B21,'GP Main'!$C$8:$C$827,'CFT Main'!$C21) -> #REF! | AM21: परितोष सिंह | AN21: =COUNTIFS(Work!$D$3:$D$5800,'CFT Main'!$B21,Work!$N$3:$N$5800,'CFT Main'!$C21,Work!$G$3:$G$5800,"Ongoing") -> 44 | AO21: =COUNTIFS(Work!$D$3:$D$5800,'CFT Main'!$B21,Work!$N$3:$N$5800,'CFT Main'!$C21,Work!$G$3:$G$5800,"*Completed") -> 52 | AP21: =COUNTIFS(Work!$D$3:$D$5800,'CFT Main'!$B21,Work!$N$3:$N$5800,'CFT Main'!$C21,Work!$G$3:$G$5800,"Ongoing",Work!$F$3:$F$5800,AP$5) -> 13 | AQ21: =COUNTIFS(Work!$D$3:$D$5800,'CFT Main'!$B21,Work!$N$3:$N$5800,'CFT Main'!$C21,Work!$G$3:$G$5800,"*Completed",Work!$F$3:$F$5800,AP$5) -> 32 | AR21: =COUNTIFS(Work!$D$3:$D$5800,'CFT Main'!$B21,Work!$N$3:$N$5800,'CFT Main'!$C21,Work!$G$3:$G$5800,"Ongoing",Work!$F$3:$F$5800,AR$5) -> 0 | AS21: =COUNTIFS(Work!$D$3:$D$5800,'CFT Main'!$B21,Work!$N$3:$N$5800,'CFT Main'!$C21,Work!$G$3:$G$5800,"*Completed",Work!$F$3:$F$5800,AR$5) -> 17 | AT21: =COUNTIFS(Work!$D$3:$D$5800,'CFT Main'!$B21,Work!$N$3:$N$5800,'CFT Main'!$C21,Work!$G$3:$G$5800,"Ongoing",Work!$F$3:$F$5800,AT$5) -> 3 | AU21: =COUNTIFS(Work!$D$3:$D$5800,'CFT Main'!$B21,Work!$N$3:$N$5800,'CFT Main'!$C21,Work!$G$3:$G$5800,"*Completed",Work!$F$3:$F$5800,AT$5) -> 2 | AV21: =COUNTIFS(Work!$D$3:$D$5800,'CFT Main'!$B21,Work!$N$3:$N$5800,'CFT Main'!$C21,Work!$G$3:$G$5800,"Ongoing",Work!$F$3:$F$5800,AV$5) -> 1 | AW21: =COUNTIFS(Work!$D$3:$D$5800,'CFT Main'!$B21,Work!$N$3:$N$5800,'CFT Main'!$C21,Work!$G$3:$G$5800,"*Completed",Work!$F$3:$F$5800,AV$5) -> 0 | AX21: =COUNTIFS(Work!$D$3:$D$5800,'CFT Main'!$B21,Work!$N$3:$N$5800,'CFT Main'!$C21,Work!$G$3:$G$5800,"Ongoing",Work!$F$3:$F$5800,AX$5) -> 6 | AY21: =COUNTIFS(Work!$D$3:$D$5800,'CFT Main'!$B21,Work!$N$3:$N$5800,'CFT Main'!$C21,Work!$G$3:$G$5800,"*Completed",Work!$F$3:$F$5800,AX$5) -> 1 | AZ21: =COUNTIFS(Work!$D$3:$D$5800,'CFT Main'!$B21,Work!$N$3:$N$5800,'CFT Main'!$C21,Work!$G$3:$G$5800,"Ongoing",Work!$F$3:$F$5800,AZ$5) -> 0 | BA21: =COUNTIFS(Work!$D$3:$D$5800,'CFT Main'!$B21,Work!$N$3:$N$5800,'CFT Main'!$C21,Work!$G$3:$G$5800,"*Completed",Work!$F$3:$F$5800,AZ$5) -> 0 | BB21: =COUNTIFS(Work!$D$3:$D$5800,'CFT Main'!$B21,Work!$N$3:$N$5800,'CFT Main'!$C21,Work!$G$3:$G$5800,"Ongoing",Work!$F$3:$F$5800,BB$5) -> 0 | BC21: =COUNTIFS(Work!$D$3:$D$5800,'CFT Main'!$B21,Work!$N$3:$N$5800,'CFT Main'!$C21,Work!$G$3:$G$5800,"*Completed",Work!$F$3:$F$5800,BB$5) -> 0 | BD21: =COUNTIFS(Work!$D$3:$D$5800,'CFT Main'!$B21,Work!$N$3:$N$5800,'CFT Main'!$C21,Work!$G$3:$G$5800,"Ongoing",Work!$F$3:$F$5800,BD$5) -> 21 | BE21: =COUNTIFS(Work!$D$3:$D$5800,'CFT Main'!$B21,Work!$N$3:$N$5800,'CFT Main'!$C21,Work!$G$3:$G$5800,"*Completed",Work!$F$3:$F$5800,BD$5) -> 0
A22: 16 | B22: MAIHAR | C22: SONWARI | D22: ANDAWA | E22: सुरेश सिंह | F22: Jagdeesh Rajput | G22: =SUMIFS(#REF!,'GP Main'!$B$8:$B$827,'CFT Main'!$B23,'GP Main'!$C$8:$C$827,'CFT Main'!$C23) -> #REF! | H22: =SUMIFS(#REF!,'GP Main'!$B$8:$B$827,'CFT Main'!$B23,'GP Main'!$C$8:$C$827,'CFT Main'!$C23) -> #REF! | I22: =SUMIFS(#REF!,'GP Main'!$B$8:$B$827,'CFT Main'!$B23,'GP Main'!$C$8:$C$827,'CFT Main'!$C23) -> #REF! | J22: =SUMIFS(#REF!,'GP Main'!$B$8:$B$827,'CFT Main'!$B23,'GP Main'!$C$8:$C$827,'CFT Main'!$C23) -> #REF! | K22: =SUMIFS(#REF!,'GP Main'!$B$8:$B$827,'CFT Main'!$B23,'GP Main'!$C$8:$C$827,'CFT Main'!$C23) -> #REF! | L22: =SUMIFS(#REF!,'GP Main'!$B$8:$B$827,'CFT Main'!$B23,'GP Main'!$C$8:$C$827,'CFT Main'!$C23) -> #REF! | M22: =SUMIFS(#REF!,'GP Main'!$B$8:$B$827,'CFT Main'!$B23,'GP Main'!$C$8:$C$827,'CFT Main'!$C23) -> #REF! | N22: =SUMIFS(#REF!,'GP Main'!$B$8:$B$827,'CFT Main'!$B23,'GP Main'!$C$8:$C$827,'CFT Main'!$C23) -> #REF! | ... AB22: =SUMIFS(#REF!,'GP Main'!$B$8:$B$827,'CFT Main'!$B23,'GP Main'!$C$8:$C$827,'CFT Main'!$C23) -> #REF! | AD22: =SUMIFS(#REF!,'GP Main'!$B$8:$B$827,'CFT Main'!$B23,'GP Main'!$C$8:$C$827,'CFT Main'!$C23) -> #REF! | AE22: =SUMIFS(#REF!,'GP Main'!$B$8:$B$827,'CFT Main'!$B23,'GP Main'!$C$8:$C$827,'CFT Main'!$C23) -> #REF! | AG22: =SUMIFS(#REF!,'GP Main'!$B$8:$B$827,'CFT Main'!$B23,'GP Main'!$C$8:$C$827,'CFT Main'!$C23) -> #REF! | AH22: =SUMIFS(#REF!,'GP Main'!$B$8:$B$827,'CFT Main'!$B23,'GP Main'!$C$8:$C$827,'CFT Main'!$C23) -> #REF! | AI22: =SUMIFS(#REF!,'GP Main'!$B$8:$B$827,'CFT Main'!$B23,'GP Main'!$C$8:$C$827,'CFT Main'!$C23) -> #REF! | AJ22: =SUMIFS(#REF!,'GP Main'!$B$8:$B$827,'CFT Main'!$B23,'GP Main'!$C$8:$C$827,'CFT Main'!$C23) -> #REF! | AK22: =SUMIFS(#REF!,'GP Main'!$B$8:$B$827,'CFT Main'!$B23,'GP Main'!$C$8:$C$827,'CFT Main'!$C23) -> #REF! | AM22: परितोष सिंह | AN22: =COUNTIFS(Work!$D$3:$D$5800,'CFT Main'!$B22,Work!$N$3:$N$5800,'CFT Main'!$C22,Work!$G$3:$G$5800,"Ongoing") -> 22 | AO22: =COUNTIFS(Work!$D$3:$D$5800,'CFT Main'!$B22,Work!$N$3:$N$5800,'CFT Main'!$C22,Work!$G$3:$G$5800,"*Completed") -> 39 | AP22: =COUNTIFS(Work!$D$3:$D$5800,'CFT Main'!$B22,Work!$N$3:$N$5800,'CFT Main'!$C22,Work!$G$3:$G$5800,"Ongoing",Work!$F$3:$F$5800,AP$5) -> 12 | AQ22: =COUNTIFS(Work!$D$3:$D$5800,'CFT Main'!$B22,Work!$N$3:$N$5800,'CFT Main'!$C22,Work!$G$3:$G$5800,"*Completed",Work!$F$3:$F$5800,AP$5) -> 20 | AR22: =COUNTIFS(Work!$D$3:$D$5800,'CFT Main'!$B22,Work!$N$3:$N$5800,'CFT Main'!$C22,Work!$G$3:$G$5800,"Ongoing",Work!$F$3:$F$5800,AR$5) -> 1 | AS22: =COUNTIFS(Work!$D$3:$D$5800,'CFT Main'!$B22,Work!$N$3:$N$5800,'CFT Main'!$C22,Work!$G$3:$G$5800,"*Completed",Work!$F$3:$F$5800,AR$5) -> 13 | AT22: =COUNTIFS(Work!$D$3:$D$5800,'CFT Main'!$B22,Work!$N$3:$N$5800,'CFT Main'!$C22,Work!$G$3:$G$5800,"Ongoing",Work!$F$3:$F$5800,AT$5) -> 0 | AU22: =COUNTIFS(Work!$D$3:$D$5800,'CFT Main'!$B22,Work!$N$3:$N$5800,'CFT Main'!$C22,Work!$G$3:$G$5800,"*Completed",Work!$F$3:$F$5800,AT$5) -> 4 | AV22: =COUNTIFS(Work!$D$3:$D$5800,'CFT Main'!$B22,Work!$N$3:$N$5800,'CFT Main'!$C22,Work!$G$3:$G$5800,"Ongoing",Work!$F$3:$F$5800,AV$5) -> 0 | AW22: =COUNTIFS(Work!$D$3:$D$5800,'CFT Main'!$B22,Work!$N$3:$N$5800,'CFT Main'!$C22,Work!$G$3:$G$5800,"*Completed",Work!$F$3:$F$5800,AV$5) -> 1 | AX22: =COUNTIFS(Work!$D$3:$D$5800,'CFT Main'!$B22,Work!$N$3:$N$5800,'CFT Main'!$C22,Work!$G$3:$G$5800,"Ongoing",Work!$F$3:$F$5800,AX$5) -> 0 | AY22: =COUNTIFS(Work!$D$3:$D$5800,'CFT Main'!$B22,Work!$N$3:$N$5800,'CFT Main'!$C22,Work!$G$3:$G$5800,"*Completed",Work!$F$3:$F$5800,AX$5) -> 1 | AZ22: =COUNTIFS(Work!$D$3:$D$5800,'CFT Main'!$B22,Work!$N$3:$N$5800,'CFT Main'!$C22,Work!$G$3:$G$5800,"Ongoing",Work!$F$3:$F$5800,AZ$5) -> 0 | BA22: =COUNTIFS(Work!$D$3:$D$5800,'CFT Main'!$B22,Work!$N$3:$N$5800,'CFT Main'!$C22,Work!$G$3:$G$5800,"*Completed",Work!$F$3:$F$5800,AZ$5) -> 0 | BB22: =COUNTIFS(Work!$D$3:$D$5800,'CFT Main'!$B22,Work!$N$3:$N$5800,'CFT Main'!$C22,Work!$G$3:$G$5800,"Ongoing",Work!$F$3:$F$5800,BB$5) -> 0 | BC22: =COUNTIFS(Work!$D$3:$D$5800,'CFT Main'!$B22,Work!$N$3:$N$5800,'CFT Main'!$C22,Work!$G$3:$G$5800,"*Completed",Work!$F$3:$F$5800,BB$5) -> 0 | BD22: =COUNTIFS(Work!$D$3:$D$5800,'CFT Main'!$B22,Work!$N$3:$N$5800,'CFT Main'!$C22,Work!$G$3:$G$5800,"Ongoing",Work!$F$3:$F$5800,BD$5) -> 9 | BE22: =COUNTIFS(Work!$D$3:$D$5800,'CFT Main'!$B22,Work!$N$3:$N$5800,'CFT Main'!$C22,Work!$G$3:$G$5800,"*Completed",Work!$F$3:$F$5800,BD$5) -> 0
A23: 17 | B23: MAJHGAWAN | C23: HIRAUNDI | D23: ANTARAILA | E23: सतीस समेले | F23: Jagdeesh Rajput | G23: =SUMIFS(#REF!,'GP Main'!$B$8:$B$827,'CFT Main'!$B24,'GP Main'!$C$8:$C$827,'CFT Main'!$C24) -> #REF! | H23: =SUMIFS(#REF!,'GP Main'!$B$8:$B$827,'CFT Main'!$B24,'GP Main'!$C$8:$C$827,'CFT Main'!$C24) -> #REF! | I23: =SUMIFS(#REF!,'GP Main'!$B$8:$B$827,'CFT Main'!$B24,'GP Main'!$C$8:$C$827,'CFT Main'!$C24) -> #REF! | J23: =SUMIFS(#REF!,'GP Main'!$B$8:$B$827,'CFT Main'!$B24,'GP Main'!$C$8:$C$827,'CFT Main'!$C24) -> #REF! | K23: =SUMIFS(#REF!,'GP Main'!$B$8:$B$827,'CFT Main'!$B24,'GP Main'!$C$8:$C$827,'CFT Main'!$C24) -> #REF! | L23: =SUMIFS(#REF!,'GP Main'!$B$8:$B$827,'CFT Main'!$B24,'GP Main'!$C$8:$C$827,'CFT Main'!$C24) -> #REF! | M23: =SUMIFS(#REF!,'GP Main'!$B$8:$B$827,'CFT Main'!$B24,'GP Main'!$C$8:$C$827,'CFT Main'!$C24) -> #REF! | N23: =SUMIFS(#REF!,'GP Main'!$B$8:$B$827,'CFT Main'!$B24,'GP Main'!$C$8:$C$827,'CFT Main'!$C24) -> #REF! | ... AB23: =SUMIFS(#REF!,'GP Main'!$B$8:$B$827,'CFT Main'!$B24,'GP Main'!$C$8:$C$827,'CFT Main'!$C24) -> #REF! | AD23: =SUMIFS(#REF!,'GP Main'!$B$8:$B$827,'CFT Main'!$B24,'GP Main'!$C$8:$C$827,'CFT Main'!$C24) -> #REF! | AE23: =SUMIFS(#REF!,'GP Main'!$B$8:$B$827,'CFT Main'!$B24,'GP Main'!$C$8:$C$827,'CFT Main'!$C24) -> #REF! | AG23: =SUMIFS(#REF!,'GP Main'!$B$8:$B$827,'CFT Main'!$B24,'GP Main'!$C$8:$C$827,'CFT Main'!$C24) -> #REF! | AH23: =SUMIFS(#REF!,'GP Main'!$B$8:$B$827,'CFT Main'!$B24,'GP Main'!$C$8:$C$827,'CFT Main'!$C24) -> #REF! | AI23: =SUMIFS(#REF!,'GP Main'!$B$8:$B$827,'CFT Main'!$B24,'GP Main'!$C$8:$C$827,'CFT Main'!$C24) -> #REF! | AJ23: =SUMIFS(#REF!,'GP Main'!$B$8:$B$827,'CFT Main'!$B24,'GP Main'!$C$8:$C$827,'CFT Main'!$C24) -> #REF! | AK23: =SUMIFS(#REF!,'GP Main'!$B$8:$B$827,'CFT Main'!$B24,'GP Main'!$C$8:$C$827,'CFT Main'!$C24) -> #REF! | AM23: अनूप कुमार सिंह | AN23: =COUNTIFS(Work!$D$3:$D$5800,'CFT Main'!$B23,Work!$N$3:$N$5800,'CFT Main'!$C23,Work!$G$3:$G$5800,"Ongoing") -> 66 | AO23: =COUNTIFS(Work!$D$3:$D$5800,'CFT Main'!$B23,Work!$N$3:$N$5800,'CFT Main'!$C23,Work!$G$3:$G$5800,"*Completed") -> 66 | AP23: =COUNTIFS(Work!$D$3:$D$5800,'CFT Main'!$B23,Work!$N$3:$N$5800,'CFT Main'!$C23,Work!$G$3:$G$5800,"Ongoing",Work!$F$3:$F$5800,AP$5) -> 26 | AQ23: =COUNTIFS(Work!$D$3:$D$5800,'CFT Main'!$B23,Work!$N$3:$N$5800,'CFT Main'!$C23,Work!$G$3:$G$5800,"*Completed",Work!$F$3:$F$5800,AP$5) -> 24 | AR23: =COUNTIFS(Work!$D$3:$D$5800,'CFT Main'!$B23,Work!$N$3:$N$5800,'CFT Main'!$C23,Work!$G$3:$G$5800,"Ongoing",Work!$F$3:$F$5800,AR$5) -> 8 | AS23: =COUNTIFS(Work!$D$3:$D$5800,'CFT Main'!$B23,Work!$N$3:$N$5800,'CFT Main'!$C23,Work!$G$3:$G$5800,"*Completed",Work!$F$3:$F$5800,AR$5) -> 17 | AT23: =COUNTIFS(Work!$D$3:$D$5800,'CFT Main'!$B23,Work!$N$3:$N$5800,'CFT Main'!$C23,Work!$G$3:$G$5800,"Ongoing",Work!$F$3:$F$5800,AT$5) -> 6 | AU23: =COUNTIFS(Work!$D$3:$D$5800,'CFT Main'!$B23,Work!$N$3:$N$5800,'CFT Main'!$C23,Work!$G$3:$G$5800,"*Completed",Work!$F$3:$F$5800,AT$5) -> 17 | AV23: =COUNTIFS(Work!$D$3:$D$5800,'CFT Main'!$B23,Work!$N$3:$N$5800,'CFT Main'!$C23,Work!$G$3:$G$5800,"Ongoing",Work!$F$3:$F$5800,AV$5) -> 0 | AW23: =COUNTIFS(Work!$D$3:$D$5800,'CFT Main'!$B23,Work!$N$3:$N$5800,'CFT Main'!$C23,Work!$G$3:$G$5800,"*Completed",Work!$F$3:$F$5800,AV$5) -> 0 | AX23: =COUNTIFS(Work!$D$3:$D$5800,'CFT Main'!$B23,Work!$N$3:$N$5800,'CFT Main'!$C23,Work!$G$3:$G$5800,"Ongoing",Work!$F$3:$F$5800,AX$5) -> 1 | AY23: =COUNTIFS(Work!$D$3:$D$5800,'CFT Main'!$B23,Work!$N$3:$N$5800,'CFT Main'!$C23,Work!$G$3:$G$5800,"*Completed",Work!$F$3:$F$5800,AX$5) -> 8 | AZ23: =COUNTIFS(Work!$D$3:$D$5800,'CFT Main'!$B23,Work!$N$3:$N$5800,'CFT Main'!$C23,Work!$G$3:$G$5800,"Ongoing",Work!$F$3:$F$5800,AZ$5) -> 0 | BA23: =COUNTIFS(Work!$D$3:$D$5800,'CFT Main'!$B23,Work!$N$3:$N$5800,'CFT Main'!$C23,Work!$G$3:$G$5800,"*Completed",Work!$F$3:$F$5800,AZ$5) -> 0 | BB23: =COUNTIFS(Work!$D$3:$D$5800,'CFT Main'!$B23,Work!$N$3:$N$5800,'CFT Main'!$C23,Work!$G$3:$G$5800,"Ongoing",Work!$F$3:$F$5800,BB$5) -> 0 | BC23: =COUNTIFS(Work!$D$3:$D$5800,'CFT Main'!$B23,Work!$N$3:$N$5800,'CFT Main'!$C23,Work!$G$3:$G$5800,"*Completed",Work!$F$3:$F$5800,BB$5) -> 0 | BD23: =COUNTIFS(Work!$D$3:$D$5800,'CFT Main'!$B23,Work!$N$3:$N$5800,'CFT Main'!$C23,Work!$G$3:$G$5800,"Ongoing",Work!$F$3:$F$5800,BD$5) -> 25 | BE23: =COUNTIFS(Work!$D$3:$D$5800,'CFT Main'!$B23,Work!$N$3:$N$5800,'CFT Main'!$C23,Work!$G$3:$G$5800,"*Completed",Work!$F$3:$F$5800,BD$5) -> 0
A24: 18 | B24: MAJHGAWAN | C24: KARIGOHI | D24: BARACHH | E24: रमाकांत त्रिपाठी अति0 | F24: Jagdeesh Rajput | G24: =SUMIFS(#REF!,'GP Main'!$B$8:$B$827,'CFT Main'!$B25,'GP Main'!$C$8:$C$827,'CFT Main'!$C25) -> #REF! | H24: =SUMIFS(#REF!,'GP Main'!$B$8:$B$827,'CFT Main'!$B25,'GP Main'!$C$8:$C$827,'CFT Main'!$C25) -> #REF! | I24: =SUMIFS(#REF!,'GP Main'!$B$8:$B$827,'CFT Main'!$B25,'GP Main'!$C$8:$C$827,'CFT Main'!$C25) -> #REF! | J24: =SUMIFS(#REF!,'GP Main'!$B$8:$B$827,'CFT Main'!$B25,'GP Main'!$C$8:$C$827,'CFT Main'!$C25) -> #REF! | K24: =SUMIFS(#REF!,'GP Main'!$B$8:$B$827,'CFT Main'!$B25,'GP Main'!$C$8:$C$827,'CFT Main'!$C25) -> #REF! | L24: =SUMIFS(#REF!,'GP Main'!$B$8:$B$827,'CFT Main'!$B25,'GP Main'!$C$8:$C$827,'CFT Main'!$C25) -> #REF! | M24: =SUMIFS(#REF!,'GP Main'!$B$8:$B$827,'CFT Main'!$B25,'GP Main'!$C$8:$C$827,'CFT Main'!$C25) -> #REF! | N24: =SUMIFS(#REF!,'GP Main'!$B$8:$B$827,'CFT Main'!$B25,'GP Main'!$C$8:$C$827,'CFT Main'!$C25) -> #REF! | ... AB24: =SUMIFS(#REF!,'GP Main'!$B$8:$B$827,'CFT Main'!$B25,'GP Main'!$C$8:$C$827,'CFT Main'!$C25) -> #REF! | AD24: =SUMIFS(#REF!,'GP Main'!$B$8:$B$827,'CFT Main'!$B25,'GP Main'!$C$8:$C$827,'CFT Main'!$C25) -> #REF! | AE24: =SUMIFS(#REF!,'GP Main'!$B$8:$B$827,'CFT Main'!$B25,'GP Main'!$C$8:$C$827,'CFT Main'!$C25) -> #REF! | AG24: =SUMIFS(#REF!,'GP Main'!$B$8:$B$827,'CFT Main'!$B25,'GP Main'!$C$8:$C$827,'CFT Main'!$C25) -> #REF! | AH24: =SUMIFS(#REF!,'GP Main'!$B$8:$B$827,'CFT Main'!$B25,'GP Main'!$C$8:$C$827,'CFT Main'!$C25) -> #REF! | AI24: =SUMIFS(#REF!,'GP Main'!$B$8:$B$827,'CFT Main'!$B25,'GP Main'!$C$8:$C$827,'CFT Main'!$C25) -> #REF! | AJ24: =SUMIFS(#REF!,'GP Main'!$B$8:$B$827,'CFT Main'!$B25,'GP Main'!$C$8:$C$827,'CFT Main'!$C25) -> #REF! | AK24: =SUMIFS(#REF!,'GP Main'!$B$8:$B$827,'CFT Main'!$B25,'GP Main'!$C$8:$C$827,'CFT Main'!$C25) -> #REF! | AM24: अनूप कुमार सिंह | AN24: =COUNTIFS(Work!$D$3:$D$5800,'CFT Main'!$B24,Work!$N$3:$N$5800,'CFT Main'!$C24,Work!$G$3:$G$5800,"Ongoing") -> 44 | AO24: =COUNTIFS(Work!$D$3:$D$5800,'CFT Main'!$B24,Work!$N$3:$N$5800,'CFT Main'!$C24,Work!$G$3:$G$5800,"*Completed") -> 110 | AP24: =COUNTIFS(Work!$D$3:$D$5800,'CFT Main'!$B24,Work!$N$3:$N$5800,'CFT Main'!$C24,Work!$G$3:$G$5800,"Ongoing",Work!$F$3:$F$5800,AP$5) -> 16 | AQ24: =COUNTIFS(Work!$D$3:$D$5800,'CFT Main'!$B24,Work!$N$3:$N$5800,'CFT Main'!$C24,Work!$G$3:$G$5800,"*Completed",Work!$F$3:$F$5800,AP$5) -> 54 | AR24: =COUNTIFS(Work!$D$3:$D$5800,'CFT Main'!$B24,Work!$N$3:$N$5800,'CFT Main'!$C24,Work!$G$3:$G$5800,"Ongoing",Work!$F$3:$F$5800,AR$5) -> 3 | AS24: =COUNTIFS(Work!$D$3:$D$5800,'CFT Main'!$B24,Work!$N$3:$N$5800,'CFT Main'!$C24,Work!$G$3:$G$5800,"*Completed",Work!$F$3:$F$5800,AR$5) -> 28 | AT24: =COUNTIFS(Work!$D$3:$D$5800,'CFT Main'!$B24,Work!$N$3:$N$5800,'CFT Main'!$C24,Work!$G$3:$G$5800,"Ongoing",Work!$F$3:$F$5800,AT$5) -> 6 | AU24: =COUNTIFS(Work!$D$3:$D$5800,'CFT Main'!$B24,Work!$N$3:$N$5800,'CFT Main'!$C24,Work!$G$3:$G$5800,"*Completed",Work!$F$3:$F$5800,AT$5) -> 23 | AV24: =COUNTIFS(Work!$D$3:$D$5800,'CFT Main'!$B24,Work!$N$3:$N$5800,'CFT Main'!$C24,Work!$G$3:$G$5800,"Ongoing",Work!$F$3:$F$5800,AV$5) -> 2 | AW24: =COUNTIFS(Work!$D$3:$D$5800,'CFT Main'!$B24,Work!$N$3:$N$5800,'CFT Main'!$C24,Work!$G$3:$G$5800,"*Completed",Work!$F$3:$F$5800,AV$5) -> 2 | AX24: =COUNTIFS(Work!$D$3:$D$5800,'CFT Main'!$B24,Work!$N$3:$N$5800,'CFT Main'!$C24,Work!$G$3:$G$5800,"Ongoing",Work!$F$3:$F$5800,AX$5) -> 1 | AY24: =COUNTIFS(Work!$D$3:$D$5800,'CFT Main'!$B24,Work!$N$3:$N$5800,'CFT Main'!$C24,Work!$G$3:$G$5800,"*Completed",Work!$F$3:$F$5800,AX$5) -> 3 | AZ24: =COUNTIFS(Work!$D$3:$D$5800,'CFT Main'!$B24,Work!$N$3:$N$5800,'CFT Main'!$C24,Work!$G$3:$G$5800,"Ongoing",Work!$F$3:$F$5800,AZ$5) -> 1 | BA24: =COUNTIFS(Work!$D$3:$D$5800,'CFT Main'!$B24,Work!$N$3:$N$5800,'CFT Main'!$C24,Work!$G$3:$G$5800,"*Completed",Work!$F$3:$F$5800,AZ$5) -> 0 | BB24: =COUNTIFS(Work!$D$3:$D$5800,'CFT Main'!$B24,Work!$N$3:$N$5800,'CFT Main'!$C24,Work!$G$3:$G$5800,"Ongoing",Work!$F$3:$F$5800,BB$5) -> 0 | BC24: =COUNTIFS(Work!$D$3:$D$5800,'CFT Main'!$B24,Work!$N$3:$N$5800,'CFT Main'!$C24,Work!$G$3:$G$5800,"*Completed",Work!$F$3:$F$5800,BB$5) -> 0 | BD24: =COUNTIFS(Work!$D$3:$D$5800,'CFT Main'!$B24,Work!$N$3:$N$5800,'CFT Main'!$C24,Work!$G$3:$G$5800,"Ongoing",Work!$F$3:$F$5800,BD$5) -> 15 | BE24: =COUNTIFS(Work!$D$3:$D$5800,'CFT Main'!$B24,Work!$N$3:$N$5800,'CFT Main'!$C24,Work!$G$3:$G$5800,"*Completed",Work!$F$3:$F$5800,BD$5) -> 0
A25: 19 | B25: MAJHGAWAN | C25: MAJHGAWAN | D25: BAUSAD | E25: आशीष तिवारी अति0 | F25: Jagdeesh Rajput | G25: =SUMIFS(#REF!,'GP Main'!$B$8:$B$827,'CFT Main'!$B26,'GP Main'!$C$8:$C$827,'CFT Main'!$C26) -> #REF! | H25: =SUMIFS(#REF!,'GP Main'!$B$8:$B$827,'CFT Main'!$B26,'GP Main'!$C$8:$C$827,'CFT Main'!$C26) -> #REF! | I25: =SUMIFS(#REF!,'GP Main'!$B$8:$B$827,'CFT Main'!$B26,'GP Main'!$C$8:$C$827,'CFT Main'!$C26) -> #REF! | J25: =SUMIFS(#REF!,'GP Main'!$B$8:$B$827,'CFT Main'!$B26,'GP Main'!$C$8:$C$827,'CFT Main'!$C26) -> #REF! | K25: =SUMIFS(#REF!,'GP Main'!$B$8:$B$827,'CFT Main'!$B26,'GP Main'!$C$8:$C$827,'CFT Main'!$C26) -> #REF! | L25: =SUMIFS(#REF!,'GP Main'!$B$8:$B$827,'CFT Main'!$B26,'GP Main'!$C$8:$C$827,'CFT Main'!$C26) -> #REF! | M25: =SUMIFS(#REF!,'GP Main'!$B$8:$B$827,'CFT Main'!$B26,'GP Main'!$C$8:$C$827,'CFT Main'!$C26) -> #REF! | N25: =SUMIFS(#REF!,'GP Main'!$B$8:$B$827,'CFT Main'!$B26,'GP Main'!$C$8:$C$827,'CFT Main'!$C26) -> #REF! | ... AB25: =SUMIFS(#REF!,'GP Main'!$B$8:$B$827,'CFT Main'!$B26,'GP Main'!$C$8:$C$827,'CFT Main'!$C26) -> #REF! | AD25: =SUMIFS(#REF!,'GP Main'!$B$8:$B$827,'CFT Main'!$B26,'GP Main'!$C$8:$C$827,'CFT Main'!$C26) -> #REF! | AE25: =SUMIFS(#REF!,'GP Main'!$B$8:$B$827,'CFT Main'!$B26,'GP Main'!$C$8:$C$827,'CFT Main'!$C26) -> #REF! | AG25: =SUMIFS(#REF!,'GP Main'!$B$8:$B$827,'CFT Main'!$B26,'GP Main'!$C$8:$C$827,'CFT Main'!$C26) -> #REF! | AH25: =SUMIFS(#REF!,'GP Main'!$B$8:$B$827,'CFT Main'!$B26,'GP Main'!$C$8:$C$827,'CFT Main'!$C26) -> #REF! | AI25: =SUMIFS(#REF!,'GP Main'!$B$8:$B$827,'CFT Main'!$B26,'GP Main'!$C$8:$C$827,'CFT Main'!$C26) -> #REF! | AJ25: =SUMIFS(#REF!,'GP Main'!$B$8:$B$827,'CFT Main'!$B26,'GP Main'!$C$8:$C$827,'CFT Main'!$C26) -> #REF! | AK25: =SUMIFS(#REF!,'GP Main'!$B$8:$B$827,'CFT Main'!$B26,'GP Main'!$C$8:$C$827,'CFT Main'!$C26) -> #REF! | AM25: अनूप कुमार सिंह | AN25: =COUNTIFS(Work!$D$3:$D$5800,'CFT Main'!$B25,Work!$N$3:$N$5800,'CFT Main'!$C25,Work!$G$3:$G$5800,"Ongoing") -> 72 | AO25: =COUNTIFS(Work!$D$3:$D$5800,'CFT Main'!$B25,Work!$N$3:$N$5800,'CFT Main'!$C25,Work!$G$3:$G$5800,"*Completed") -> 90 | AP25: =COUNTIFS(Work!$D$3:$D$5800,'CFT Main'!$B25,Work!$N$3:$N$5800,'CFT Main'!$C25,Work!$G$3:$G$5800,"Ongoing",Work!$F$3:$F$5800,AP$5) -> 20 | AQ25: =COUNTIFS(Work!$D$3:$D$5800,'CFT Main'!$B25,Work!$N$3:$N$5800,'CFT Main'!$C25,Work!$G$3:$G$5800,"*Completed",Work!$F$3:$F$5800,AP$5) -> 49 | AR25: =COUNTIFS(Work!$D$3:$D$5800,'CFT Main'!$B25,Work!$N$3:$N$5800,'CFT Main'!$C25,Work!$G$3:$G$5800,"Ongoing",Work!$F$3:$F$5800,AR$5) -> 7 | AS25: =COUNTIFS(Work!$D$3:$D$5800,'CFT Main'!$B25,Work!$N$3:$N$5800,'CFT Main'!$C25,Work!$G$3:$G$5800,"*Completed",Work!$F$3:$F$5800,AR$5) -> 17 | AT25: =COUNTIFS(Work!$D$3:$D$5800,'CFT Main'!$B25,Work!$N$3:$N$5800,'CFT Main'!$C25,Work!$G$3:$G$5800,"Ongoing",Work!$F$3:$F$5800,AT$5) -> 11 | AU25: =COUNTIFS(Work!$D$3:$D$5800,'CFT Main'!$B25,Work!$N$3:$N$5800,'CFT Main'!$C25,Work!$G$3:$G$5800,"*Completed",Work!$F$3:$F$5800,AT$5) -> 16 | AV25: =COUNTIFS(Work!$D$3:$D$5800,'CFT Main'!$B25,Work!$N$3:$N$5800,'CFT Main'!$C25,Work!$G$3:$G$5800,"Ongoing",Work!$F$3:$F$5800,AV$5) -> 2 | AW25: =COUNTIFS(Work!$D$3:$D$5800,'CFT Main'!$B25,Work!$N$3:$N$5800,'CFT Main'!$C25,Work!$G$3:$G$5800,"*Completed",Work!$F$3:$F$5800,AV$5) -> 2 | AX25: =COUNTIFS(Work!$D$3:$D$5800,'CFT Main'!$B25,Work!$N$3:$N$5800,'CFT Main'!$C25,Work!$G$3:$G$5800,"Ongoing",Work!$F$3:$F$5800,AX$5) -> 2 | AY25: =COUNTIFS(Work!$D$3:$D$5800,'CFT Main'!$B25,Work!$N$3:$N$5800,'CFT Main'!$C25,Work!$G$3:$G$5800,"*Completed",Work!$F$3:$F$5800,AX$5) -> 6 | AZ25: =COUNTIFS(Work!$D$3:$D$5800,'CFT Main'!$B25,Work!$N$3:$N$5800,'CFT Main'!$C25,Work!$G$3:$G$5800,"Ongoing",Work!$F$3:$F$5800,AZ$5) -> 0 | BA25: =COUNTIFS(Work!$D$3:$D$5800,'CFT Main'!$B25,Work!$N$3:$N$5800,'CFT Main'!$C25,Work!$G$3:$G$5800,"*Completed",Work!$F$3:$F$5800,AZ$5) -> 0 | BB25: =COUNTIFS(Work!$D$3:$D$5800,'CFT Main'!$B25,Work!$N$3:$N$5800,'CFT Main'!$C25,Work!$G$3:$G$5800,"Ongoing",Work!$F$3:$F$5800,BB$5) -> 0 | BC25: =COUNTIFS(Work!$D$3:$D$5800,'CFT Main'!$B25,Work!$N$3:$N$5800,'CFT Main'!$C25,Work!$G$3:$G$5800,"*Completed",Work!$F$3:$F$5800,BB$5) -> 0 | BD25: =COUNTIFS(Work!$D$3:$D$5800,'CFT Main'!$B25,Work!$N$3:$N$5800,'CFT Main'!$C25,Work!$G$3:$G$5800,"Ongoing",Work!$F$3:$F$5800,BD$5) -> 30 | BE25: =COUNTIFS(Work!$D$3:$D$5800,'CFT Main'!$B25,Work!$N$3:$N$5800,'CFT Main'!$C25,Work!$G$3:$G$5800,"*Completed",Work!$F$3:$F$5800,BD$5) -> 0
A26: 20 | B26: MAJHGAWAN | C26: PRATAPPUR | D26: AKAURI | E26: अखिलेश सोनी अति0 | F26: Jagdeesh Rajput | G26: =SUMIFS(#REF!,'GP Main'!$B$8:$B$827,'CFT Main'!$B22,'GP Main'!$C$8:$C$827,'CFT Main'!$C22) -> #REF! | H26: =SUMIFS(#REF!,'GP Main'!$B$8:$B$827,'CFT Main'!$B22,'GP Main'!$C$8:$C$827,'CFT Main'!$C22) -> #REF! | I26: =SUMIFS(#REF!,'GP Main'!$B$8:$B$827,'CFT Main'!$B22,'GP Main'!$C$8:$C$827,'CFT Main'!$C22) -> #REF! | J26: =SUMIFS(#REF!,'GP Main'!$B$8:$B$827,'CFT Main'!$B22,'GP Main'!$C$8:$C$827,'CFT Main'!$C22) -> #REF! | K26: =SUMIFS(#REF!,'GP Main'!$B$8:$B$827,'CFT Main'!$B22,'GP Main'!$C$8:$C$827,'CFT Main'!$C22) -> #REF! | L26: =SUMIFS(#REF!,'GP Main'!$B$8:$B$827,'CFT Main'!$B22,'GP Main'!$C$8:$C$827,'CFT Main'!$C22) -> #REF! | M26: =SUMIFS(#REF!,'GP Main'!$B$8:$B$827,'CFT Main'!$B22,'GP Main'!$C$8:$C$827,'CFT Main'!$C22) -> #REF! | N26: =SUMIFS(#REF!,'GP Main'!$B$8:$B$827,'CFT Main'!$B22,'GP Main'!$C$8:$C$827,'CFT Main'!$C22) -> #REF! | ... AB26: =SUMIFS(#REF!,'GP Main'!$B$8:$B$827,'CFT Main'!$B22,'GP Main'!$C$8:$C$827,'CFT Main'!$C22) -> #REF! | AD26: =SUMIFS(#REF!,'GP Main'!$B$8:$B$827,'CFT Main'!$B22,'GP Main'!$C$8:$C$827,'CFT Main'!$C22) -> #REF! | AE26: =SUMIFS(#REF!,'GP Main'!$B$8:$B$827,'CFT Main'!$B22,'GP Main'!$C$8:$C$827,'CFT Main'!$C22) -> #REF! | AG26: =SUMIFS(#REF!,'GP Main'!$B$8:$B$827,'CFT Main'!$B22,'GP Main'!$C$8:$C$827,'CFT Main'!$C22) -> #REF! | AH26: =SUMIFS(#REF!,'GP Main'!$B$8:$B$827,'CFT Main'!$B22,'GP Main'!$C$8:$C$827,'CFT Main'!$C22) -> #REF! | AI26: =SUMIFS(#REF!,'GP Main'!$B$8:$B$827,'CFT Main'!$B22,'GP Main'!$C$8:$C$827,'CFT Main'!$C22) -> #REF! | AJ26: =SUMIFS(#REF!,'GP Main'!$B$8:$B$827,'CFT Main'!$B22,'GP Main'!$C$8:$C$827,'CFT Main'!$C22) -> #REF! | AK26: =SUMIFS(#REF!,'GP Main'!$B$8:$B$827,'CFT Main'!$B22,'GP Main'!$C$8:$C$827,'CFT Main'!$C22) -> #REF! | AM26: अनूप कुमार सिंह | AN26: =COUNTIFS(Work!$D$3:$D$5800,'CFT Main'!$B26,Work!$N$3:$N$5800,'CFT Main'!$C26,Work!$G$3:$G$5800,"Ongoing") -> 56 | AO26: =COUNTIFS(Work!$D$3:$D$5800,'CFT Main'!$B26,Work!$N$3:$N$5800,'CFT Main'!$C26,Work!$G$3:$G$5800,"*Completed") -> 94 | AP26: =COUNTIFS(Work!$D$3:$D$5800,'CFT Main'!$B26,Work!$N$3:$N$5800,'CFT Main'!$C26,Work!$G$3:$G$5800,"Ongoing",Work!$F$3:$F$5800,AP$5) -> 25 | AQ26: =COUNTIFS(Work!$D$3:$D$5800,'CFT Main'!$B26,Work!$N$3:$N$5800,'CFT Main'!$C26,Work!$G$3:$G$5800,"*Completed",Work!$F$3:$F$5800,AP$5) -> 54 | AR26: =COUNTIFS(Work!$D$3:$D$5800,'CFT Main'!$B26,Work!$N$3:$N$5800,'CFT Main'!$C26,Work!$G$3:$G$5800,"Ongoing",Work!$F$3:$F$5800,AR$5) -> 1 | AS26: =COUNTIFS(Work!$D$3:$D$5800,'CFT Main'!$B26,Work!$N$3:$N$5800,'CFT Main'!$C26,Work!$G$3:$G$5800,"*Completed",Work!$F$3:$F$5800,AR$5) -> 16 | AT26: =COUNTIFS(Work!$D$3:$D$5800,'CFT Main'!$B26,Work!$N$3:$N$5800,'CFT Main'!$C26,Work!$G$3:$G$5800,"Ongoing",Work!$F$3:$F$5800,AT$5) -> 4 | AU26: =COUNTIFS(Work!$D$3:$D$5800,'CFT Main'!$B26,Work!$N$3:$N$5800,'CFT Main'!$C26,Work!$G$3:$G$5800,"*Completed",Work!$F$3:$F$5800,AT$5) -> 18 | AV26: =COUNTIFS(Work!$D$3:$D$5800,'CFT Main'!$B26,Work!$N$3:$N$5800,'CFT Main'!$C26,Work!$G$3:$G$5800,"Ongoing",Work!$F$3:$F$5800,AV$5) -> 0 | AW26: =COUNTIFS(Work!$D$3:$D$5800,'CFT Main'!$B26,Work!$N$3:$N$5800,'CFT Main'!$C26,Work!$G$3:$G$5800,"*Completed",Work!$F$3:$F$5800,AV$5) -> 1 | AX26: =COUNTIFS(Work!$D$3:$D$5800,'CFT Main'!$B26,Work!$N$3:$N$5800,'CFT Main'!$C26,Work!$G$3:$G$5800,"Ongoing",Work!$F$3:$F$5800,AX$5) -> 1 | AY26: =COUNTIFS(Work!$D$3:$D$5800,'CFT Main'!$B26,Work!$N$3:$N$5800,'CFT Main'!$C26,Work!$G$3:$G$5800,"*Completed",Work!$F$3:$F$5800,AX$5) -> 4 | AZ26: =COUNTIFS(Work!$D$3:$D$5800,'CFT Main'!$B26,Work!$N$3:$N$5800,'CFT Main'!$C26,Work!$G$3:$G$5800,"Ongoing",Work!$F$3:$F$5800,AZ$5) -> 0 | BA26: =COUNTIFS(Work!$D$3:$D$5800,'CFT Main'!$B26,Work!$N$3:$N$5800,'CFT Main'!$C26,Work!$G$3:$G$5800,"*Completed",Work!$F$3:$F$5800,AZ$5) -> 1 | BB26: =COUNTIFS(Work!$D$3:$D$5800,'CFT Main'!$B26,Work!$N$3:$N$5800,'CFT Main'!$C26,Work!$G$3:$G$5800,"Ongoing",Work!$F$3:$F$5800,BB$5) -> 0 | BC26: =COUNTIFS(Work!$D$3:$D$5800,'CFT Main'!$B26,Work!$N$3:$N$5800,'CFT Main'!$C26,Work!$G$3:$G$5800,"*Completed",Work!$F$3:$F$5800,BB$5) -> 0 | BD26: =COUNTIFS(Work!$D$3:$D$5800,'CFT Main'!$B26,Work!$N$3:$N$5800,'CFT Main'!$C26,Work!$G$3:$G$5800,"Ongoing",Work!$F$3:$F$5800,BD$5) -> 25 | BE26: =COUNTIFS(Work!$D$3:$D$5800,'CFT Main'!$B26,Work!$N$3:$N$5800,'CFT Main'!$C26,Work!$G$3:$G$5800,"*Completed",Work!$F$3:$F$5800,BD$5) -> 0
A27: 21 | B27: MAJHGAWAN | C27: BADKHERA | D27: GAHILAWAR | E27: अखिलेश सोनी | F27: Jagdeesh Rajput | G27: =SUMIFS(#REF!,'GP Main'!$B$8:$B$827,'CFT Main'!$B28,'GP Main'!$C$8:$C$827,'CFT Main'!$C28) -> #REF! | H27: =SUMIFS(#REF!,'GP Main'!$B$8:$B$827,'CFT Main'!$B28,'GP Main'!$C$8:$C$827,'CFT Main'!$C28) -> #REF! | I27: =SUMIFS(#REF!,'GP Main'!$B$8:$B$827,'CFT Main'!$B28,'GP Main'!$C$8:$C$827,'CFT Main'!$C28) -> #REF! | J27: =SUMIFS(#REF!,'GP Main'!$B$8:$B$827,'CFT Main'!$B28,'GP Main'!$C$8:$C$827,'CFT Main'!$C28) -> #REF! | K27: =SUMIFS(#REF!,'GP Main'!$B$8:$B$827,'CFT Main'!$B28,'GP Main'!$C$8:$C$827,'CFT Main'!$C28) -> #REF! | L27: =SUMIFS(#REF!,'GP Main'!$B$8:$B$827,'CFT Main'!$B28,'GP Main'!$C$8:$C$827,'CFT Main'!$C28) -> #REF! | M27: =SUMIFS(#REF!,'GP Main'!$B$8:$B$827,'CFT Main'!$B28,'GP Main'!$C$8:$C$827,'CFT Main'!$C28) -> #REF! | N27: =SUMIFS(#REF!,'GP Main'!$B$8:$B$827,'CFT Main'!$B28,'GP Main'!$C$8:$C$827,'CFT Main'!$C28) -> #REF! | ... AB27: =SUMIFS(#REF!,'GP Main'!$B$8:$B$827,'CFT Main'!$B28,'GP Main'!$C$8:$C$827,'CFT Main'!$C28) -> #REF! | AD27: =SUMIFS(#REF!,'GP Main'!$B$8:$B$827,'CFT Main'!$B28,'GP Main'!$C$8:$C$827,'CFT Main'!$C28) -> #REF! | AE27: =SUMIFS(#REF!,'GP Main'!$B$8:$B$827,'CFT Main'!$B28,'GP Main'!$C$8:$C$827,'CFT Main'!$C28) -> #REF! | AG27: =SUMIFS(#REF!,'GP Main'!$B$8:$B$827,'CFT Main'!$B28,'GP Main'!$C$8:$C$827,'CFT Main'!$C28) -> #REF! | AH27: =SUMIFS(#REF!,'GP Main'!$B$8:$B$827,'CFT Main'!$B28,'GP Main'!$C$8:$C$827,'CFT Main'!$C28) -> #REF! | AI27: =SUMIFS(#REF!,'GP Main'!$B$8:$B$827,'CFT Main'!$B28,'GP Main'!$C$8:$C$827,'CFT Main'!$C28) -> #REF! | AJ27: =SUMIFS(#REF!,'GP Main'!$B$8:$B$827,'CFT Main'!$B28,'GP Main'!$C$8:$C$827,'CFT Main'!$C28) -> #REF! | AK27: =SUMIFS(#REF!,'GP Main'!$B$8:$B$827,'CFT Main'!$B28,'GP Main'!$C$8:$C$827,'CFT Main'!$C28) -> #REF! | AM27: अनूप कुमार सिंह | AN27: =COUNTIFS(Work!$D$3:$D$5800,'CFT Main'!$B27,Work!$N$3:$N$5800,'CFT Main'!$C27,Work!$G$3:$G$5800,"Ongoing") -> 46 | AO27: =COUNTIFS(Work!$D$3:$D$5800,'CFT Main'!$B27,Work!$N$3:$N$5800,'CFT Main'!$C27,Work!$G$3:$G$5800,"*Completed") -> 59 | AP27: =COUNTIFS(Work!$D$3:$D$5800,'CFT Main'!$B27,Work!$N$3:$N$5800,'CFT Main'!$C27,Work!$G$3:$G$5800,"Ongoing",Work!$F$3:$F$5800,AP$5) -> 20 | AQ27: =COUNTIFS(Work!$D$3:$D$5800,'CFT Main'!$B27,Work!$N$3:$N$5800,'CFT Main'!$C27,Work!$G$3:$G$5800,"*Completed",Work!$F$3:$F$5800,AP$5) -> 21 | AR27: =COUNTIFS(Work!$D$3:$D$5800,'CFT Main'!$B27,Work!$N$3:$N$5800,'CFT Main'!$C27,Work!$G$3:$G$5800,"Ongoing",Work!$F$3:$F$5800,AR$5) -> 6 | AS27: =COUNTIFS(Work!$D$3:$D$5800,'CFT Main'!$B27,Work!$N$3:$N$5800,'CFT Main'!$C27,Work!$G$3:$G$5800,"*Completed",Work!$F$3:$F$5800,AR$5) -> 10 | AT27: =COUNTIFS(Work!$D$3:$D$5800,'CFT Main'!$B27,Work!$N$3:$N$5800,'CFT Main'!$C27,Work!$G$3:$G$5800,"Ongoing",Work!$F$3:$F$5800,AT$5) -> 5 | AU27: =COUNTIFS(Work!$D$3:$D$5800,'CFT Main'!$B27,Work!$N$3:$N$5800,'CFT Main'!$C27,Work!$G$3:$G$5800,"*Completed",Work!$F$3:$F$5800,AT$5) -> 21 | AV27: =COUNTIFS(Work!$D$3:$D$5800,'CFT Main'!$B27,Work!$N$3:$N$5800,'CFT Main'!$C27,Work!$G$3:$G$5800,"Ongoing",Work!$F$3:$F$5800,AV$5) -> 2 | AW27: =COUNTIFS(Work!$D$3:$D$5800,'CFT Main'!$B27,Work!$N$3:$N$5800,'CFT Main'!$C27,Work!$G$3:$G$5800,"*Completed",Work!$F$3:$F$5800,AV$5) -> 2 | AX27: =COUNTIFS(Work!$D$3:$D$5800,'CFT Main'!$B27,Work!$N$3:$N$5800,'CFT Main'!$C27,Work!$G$3:$G$5800,"Ongoing",Work!$F$3:$F$5800,AX$5) -> 2 | AY27: =COUNTIFS(Work!$D$3:$D$5800,'CFT Main'!$B27,Work!$N$3:$N$5800,'CFT Main'!$C27,Work!$G$3:$G$5800,"*Completed",Work!$F$3:$F$5800,AX$5) -> 4 | AZ27: =COUNTIFS(Work!$D$3:$D$5800,'CFT Main'!$B27,Work!$N$3:$N$5800,'CFT Main'!$C27,Work!$G$3:$G$5800,"Ongoing",Work!$F$3:$F$5800,AZ$5) -> 0 | BA27: =COUNTIFS(Work!$D$3:$D$5800,'CFT Main'!$B27,Work!$N$3:$N$5800,'CFT Main'!$C27,Work!$G$3:$G$5800,"*Completed",Work!$F$3:$F$5800,AZ$5) -> 1 | BB27: =COUNTIFS(Work!$D$3:$D$5800,'CFT Main'!$B27,Work!$N$3:$N$5800,'CFT Main'!$C27,Work!$G$3:$G$5800,"Ongoing",Work!$F$3:$F$5800,BB$5) -> 0 | BC27: =COUNTIFS(Work!$D$3:$D$5800,'CFT Main'!$B27,Work!$N$3:$N$5800,'CFT Main'!$C27,Work!$G$3:$G$5800,"*Completed",Work!$F$3:$F$5800,BB$5) -> 0 | BD27: =COUNTIFS(Work!$D$3:$D$5800,'CFT Main'!$B27,Work!$N$3:$N$5800,'CFT Main'!$C27,Work!$G$3:$G$5800,"Ongoing",Work!$F$3:$F$5800,BD$5) -> 11 | BE27: =COUNTIFS(Work!$D$3:$D$5800,'CFT Main'!$B27,Work!$N$3:$N$5800,'CFT Main'!$C27,Work!$G$3:$G$5800,"*Completed",Work!$F$3:$F$5800,BD$5) -> 0
A28: 22 | B28: MAJHGAWAN | C28: KHADAURRA | D28: BHANIGANWA | E28: देवेन्द्र सिंह | F28: Jagdeesh Rajput | G28: =SUMIFS(#REF!,'GP Main'!$B$8:$B$827,'CFT Main'!$B27,'GP Main'!$C$8:$C$827,'CFT Main'!$C27) -> #REF! | H28: =SUMIFS(#REF!,'GP Main'!$B$8:$B$827,'CFT Main'!$B27,'GP Main'!$C$8:$C$827,'CFT Main'!$C27) -> #REF! | I28: =SUMIFS(#REF!,'GP Main'!$B$8:$B$827,'CFT Main'!$B27,'GP Main'!$C$8:$C$827,'CFT Main'!$C27) -> #REF! | J28: =SUMIFS(#REF!,'GP Main'!$B$8:$B$827,'CFT Main'!$B27,'GP Main'!$C$8:$C$827,'CFT Main'!$C27) -> #REF! | K28: =SUMIFS(#REF!,'GP Main'!$B$8:$B$827,'CFT Main'!$B27,'GP Main'!$C$8:$C$827,'CFT Main'!$C27) -> #REF! | L28: =SUMIFS(#REF!,'GP Main'!$B$8:$B$827,'CFT Main'!$B27,'GP Main'!$C$8:$C$827,'CFT Main'!$C27) -> #REF! | M28: =SUMIFS(#REF!,'GP Main'!$B$8:$B$827,'CFT Main'!$B27,'GP Main'!$C$8:$C$827,'CFT Main'!$C27) -> #REF! | N28: =SUMIFS(#REF!,'GP Main'!$B$8:$B$827,'CFT Main'!$B27,'GP Main'!$C$8:$C$827,'CFT Main'!$C27) -> #REF! | ... AB28: =SUMIFS(#REF!,'GP Main'!$B$8:$B$827,'CFT Main'!$B27,'GP Main'!$C$8:$C$827,'CFT Main'!$C27) -> #REF! | AD28: =SUMIFS(#REF!,'GP Main'!$B$8:$B$827,'CFT Main'!$B27,'GP Main'!$C$8:$C$827,'CFT Main'!$C27) -> #REF! | AE28: =SUMIFS(#REF!,'GP Main'!$B$8:$B$827,'CFT Main'!$B27,'GP Main'!$C$8:$C$827,'CFT Main'!$C27) -> #REF! | AG28: =SUMIFS(#REF!,'GP Main'!$B$8:$B$827,'CFT Main'!$B27,'GP Main'!$C$8:$C$827,'CFT Main'!$C27) -> #REF! | AH28: =SUMIFS(#REF!,'GP Main'!$B$8:$B$827,'CFT Main'!$B27,'GP Main'!$C$8:$C$827,'CFT Main'!$C27) -> #REF! | AI28: =SUMIFS(#REF!,'GP Main'!$B$8:$B$827,'CFT Main'!$B27,'GP Main'!$C$8:$C$827,'CFT Main'!$C27) -> #REF! | AJ28: =SUMIFS(#REF!,'GP Main'!$B$8:$B$827,'CFT Main'!$B27,'GP Main'!$C$8:$C$827,'CFT Main'!$C27) -> #REF! | AK28: =SUMIFS(#REF!,'GP Main'!$B$8:$B$827,'CFT Main'!$B27,'GP Main'!$C$8:$C$827,'CFT Main'!$C27) -> #REF! | AM28: अनूप कुमार सिंह | AN28: =COUNTIFS(Work!$D$3:$D$5800,'CFT Main'!$B28,Work!$N$3:$N$5800,'CFT Main'!$C28,Work!$G$3:$G$5800,"Ongoing") -> 25 | AO28: =COUNTIFS(Work!$D$3:$D$5800,'CFT Main'!$B28,Work!$N$3:$N$5800,'CFT Main'!$C28,Work!$G$3:$G$5800,"*Completed") -> 42 | AP28: =COUNTIFS(Work!$D$3:$D$5800,'CFT Main'!$B28,Work!$N$3:$N$5800,'CFT Main'!$C28,Work!$G$3:$G$5800,"Ongoing",Work!$F$3:$F$5800,AP$5) -> 6 | AQ28: =COUNTIFS(Work!$D$3:$D$5800,'CFT Main'!$B28,Work!$N$3:$N$5800,'CFT Main'!$C28,Work!$G$3:$G$5800,"*Completed",Work!$F$3:$F$5800,AP$5) -> 20 | AR28: =COUNTIFS(Work!$D$3:$D$5800,'CFT Main'!$B28,Work!$N$3:$N$5800,'CFT Main'!$C28,Work!$G$3:$G$5800,"Ongoing",Work!$F$3:$F$5800,AR$5) -> 5 | AS28: =COUNTIFS(Work!$D$3:$D$5800,'CFT Main'!$B28,Work!$N$3:$N$5800,'CFT Main'!$C28,Work!$G$3:$G$5800,"*Completed",Work!$F$3:$F$5800,AR$5) -> 19 | AT28: =COUNTIFS(Work!$D$3:$D$5800,'CFT Main'!$B28,Work!$N$3:$N$5800,'CFT Main'!$C28,Work!$G$3:$G$5800,"Ongoing",Work!$F$3:$F$5800,AT$5) -> 2 | AU28: =COUNTIFS(Work!$D$3:$D$5800,'CFT Main'!$B28,Work!$N$3:$N$5800,'CFT Main'!$C28,Work!$G$3:$G$5800,"*Completed",Work!$F$3:$F$5800,AT$5) -> 3 | AV28: =COUNTIFS(Work!$D$3:$D$5800,'CFT Main'!$B28,Work!$N$3:$N$5800,'CFT Main'!$C28,Work!$G$3:$G$5800,"Ongoing",Work!$F$3:$F$5800,AV$5) -> 0 | AW28: =COUNTIFS(Work!$D$3:$D$5800,'CFT Main'!$B28,Work!$N$3:$N$5800,'CFT Main'!$C28,Work!$G$3:$G$5800,"*Completed",Work!$F$3:$F$5800,AV$5) -> 0 | AX28: =COUNTIFS(Work!$D$3:$D$5800,'CFT Main'!$B28,Work!$N$3:$N$5800,'CFT Main'!$C28,Work!$G$3:$G$5800,"Ongoing",Work!$F$3:$F$5800,AX$5) -> 1 | AY28: =COUNTIFS(Work!$D$3:$D$5800,'CFT Main'!$B28,Work!$N$3:$N$5800,'CFT Main'!$C28,Work!$G$3:$G$5800,"*Completed",Work!$F$3:$F$5800,AX$5) -> 0 | AZ28: =COUNTIFS(Work!$D$3:$D$5800,'CFT Main'!$B28,Work!$N$3:$N$5800,'CFT Main'!$C28,Work!$G$3:$G$5800,"Ongoing",Work!$F$3:$F$5800,AZ$5) -> 0 | BA28: =COUNTIFS(Work!$D$3:$D$5800,'CFT Main'!$B28,Work!$N$3:$N$5800,'CFT Main'!$C28,Work!$G$3:$G$5800,"*Completed",Work!$F$3:$F$5800,AZ$5) -> 0 | BB28: =COUNTIFS(Work!$D$3:$D$5800,'CFT Main'!$B28,Work!$N$3:$N$5800,'CFT Main'!$C28,Work!$G$3:$G$5800,"Ongoing",Work!$F$3:$F$5800,BB$5) -> 0 | BC28: =COUNTIFS(Work!$D$3:$D$5800,'CFT Main'!$B28,Work!$N$3:$N$5800,'CFT Main'!$C28,Work!$G$3:$G$5800,"*Completed",Work!$F$3:$F$5800,BB$5) -> 0 | BD28: =COUNTIFS(Work!$D$3:$D$5800,'CFT Main'!$B28,Work!$N$3:$N$5800,'CFT Main'!$C28,Work!$G$3:$G$5800,"Ongoing",Work!$F$3:$F$5800,BD$5) -> 11 | BE28: =COUNTIFS(Work!$D$3:$D$5800,'CFT Main'!$B28,Work!$N$3:$N$5800,'CFT Main'!$C28,Work!$G$3:$G$5800,"*Completed",Work!$F$3:$F$5800,BD$5) -> 0
A29: 23 | B29: MAJHGAWAN | C29: BARAUNDHA | D29: CHANDRAMAHULEE | E29: आशीष तिवारी | F29: Ankita Sohgaura | G29: =SUMIFS(#REF!,'GP Main'!$B$8:$B$827,'CFT Main'!$B34,'GP Main'!$C$8:$C$827,'CFT Main'!$C34) -> #REF! | H29: =SUMIFS(#REF!,'GP Main'!$B$8:$B$827,'CFT Main'!$B34,'GP Main'!$C$8:$C$827,'CFT Main'!$C34) -> #REF! | I29: =SUMIFS(#REF!,'GP Main'!$B$8:$B$827,'CFT Main'!$B34,'GP Main'!$C$8:$C$827,'CFT Main'!$C34) -> #REF! | J29: =SUMIFS(#REF!,'GP Main'!$B$8:$B$827,'CFT Main'!$B34,'GP Main'!$C$8:$C$827,'CFT Main'!$C34) -> #REF! | K29: =SUMIFS(#REF!,'GP Main'!$B$8:$B$827,'CFT Main'!$B34,'GP Main'!$C$8:$C$827,'CFT Main'!$C34) -> #REF! | L29: =SUMIFS(#REF!,'GP Main'!$B$8:$B$827,'CFT Main'!$B34,'GP Main'!$C$8:$C$827,'CFT Main'!$C34) -> #REF! | M29: =SUMIFS(#REF!,'GP Main'!$B$8:$B$827,'CFT Main'!$B34,'GP Main'!$C$8:$C$827,'CFT Main'!$C34) -> #REF! | N29: =SUMIFS(#REF!,'GP Main'!$B$8:$B$827,'CFT Main'!$B34,'GP Main'!$C$8:$C$827,'CFT Main'!$C34) -> #REF! | ... AB29: =SUMIFS(#REF!,'GP Main'!$B$8:$B$827,'CFT Main'!$B34,'GP Main'!$C$8:$C$827,'CFT Main'!$C34) -> #REF! | AD29: =SUMIFS(#REF!,'GP Main'!$B$8:$B$827,'CFT Main'!$B34,'GP Main'!$C$8:$C$827,'CFT Main'!$C34) -> #REF! | AE29: =SUMIFS(#REF!,'GP Main'!$B$8:$B$827,'CFT Main'!$B34,'GP Main'!$C$8:$C$827,'CFT Main'!$C34) -> #REF! | AG29: =SUMIFS(#REF!,'GP Main'!$B$8:$B$827,'CFT Main'!$B34,'GP Main'!$C$8:$C$827,'CFT Main'!$C34) -> #REF! | AH29: =SUMIFS(#REF!,'GP Main'!$B$8:$B$827,'CFT Main'!$B34,'GP Main'!$C$8:$C$827,'CFT Main'!$C34) -> #REF! | AI29: =SUMIFS(#REF!,'GP Main'!$B$8:$B$827,'CFT Main'!$B34,'GP Main'!$C$8:$C$827,'CFT Main'!$C34) -> #REF! | AJ29: =SUMIFS(#REF!,'GP Main'!$B$8:$B$827,'CFT Main'!$B34,'GP Main'!$C$8:$C$827,'CFT Main'!$C34) -> #REF! | AK29: =SUMIFS(#REF!,'GP Main'!$B$8:$B$827,'CFT Main'!$B34,'GP Main'!$C$8:$C$827,'CFT Main'!$C34) -> #REF! | AM29: अनूप कुमार सिंह | AN29: =COUNTIFS(Work!$D$3:$D$5800,'CFT Main'!$B29,Work!$N$3:$N$5800,'CFT Main'!$C29,Work!$G$3:$G$5800,"Ongoing") -> 50 | AO29: =COUNTIFS(Work!$D$3:$D$5800,'CFT Main'!$B29,Work!$N$3:$N$5800,'CFT Main'!$C29,Work!$G$3:$G$5800,"*Completed") -> 102 | AP29: =COUNTIFS(Work!$D$3:$D$5800,'CFT Main'!$B29,Work!$N$3:$N$5800,'CFT Main'!$C29,Work!$G$3:$G$5800,"Ongoing",Work!$F$3:$F$5800,AP$5) -> 14 | AQ29: =COUNTIFS(Work!$D$3:$D$5800,'CFT Main'!$B29,Work!$N$3:$N$5800,'CFT Main'!$C29,Work!$G$3:$G$5800,"*Completed",Work!$F$3:$F$5800,AP$5) -> 54 | AR29: =COUNTIFS(Work!$D$3:$D$5800,'CFT Main'!$B29,Work!$N$3:$N$5800,'CFT Main'!$C29,Work!$G$3:$G$5800,"Ongoing",Work!$F$3:$F$5800,AR$5) -> 1 | AS29: =COUNTIFS(Work!$D$3:$D$5800,'CFT Main'!$B29,Work!$N$3:$N$5800,'CFT Main'!$C29,Work!$G$3:$G$5800,"*Completed",Work!$F$3:$F$5800,AR$5) -> 21 | AT29: =COUNTIFS(Work!$D$3:$D$5800,'CFT Main'!$B29,Work!$N$3:$N$5800,'CFT Main'!$C29,Work!$G$3:$G$5800,"Ongoing",Work!$F$3:$F$5800,AT$5) -> 12 | AU29: =COUNTIFS(Work!$D$3:$D$5800,'CFT Main'!$B29,Work!$N$3:$N$5800,'CFT Main'!$C29,Work!$G$3:$G$5800,"*Completed",Work!$F$3:$F$5800,AT$5) -> 22 | AV29: =COUNTIFS(Work!$D$3:$D$5800,'CFT Main'!$B29,Work!$N$3:$N$5800,'CFT Main'!$C29,Work!$G$3:$G$5800,"Ongoing",Work!$F$3:$F$5800,AV$5) -> 0 | AW29: =COUNTIFS(Work!$D$3:$D$5800,'CFT Main'!$B29,Work!$N$3:$N$5800,'CFT Main'!$C29,Work!$G$3:$G$5800,"*Completed",Work!$F$3:$F$5800,AV$5) -> 0 | AX29: =COUNTIFS(Work!$D$3:$D$5800,'CFT Main'!$B29,Work!$N$3:$N$5800,'CFT Main'!$C29,Work!$G$3:$G$5800,"Ongoing",Work!$F$3:$F$5800,AX$5) -> 1 | AY29: =COUNTIFS(Work!$D$3:$D$5800,'CFT Main'!$B29,Work!$N$3:$N$5800,'CFT Main'!$C29,Work!$G$3:$G$5800,"*Completed",Work!$F$3:$F$5800,AX$5) -> 4 | AZ29: =COUNTIFS(Work!$D$3:$D$5800,'CFT Main'!$B29,Work!$N$3:$N$5800,'CFT Main'!$C29,Work!$G$3:$G$5800,"Ongoing",Work!$F$3:$F$5800,AZ$5) -> 0 | BA29: =COUNTIFS(Work!$D$3:$D$5800,'CFT Main'!$B29,Work!$N$3:$N$5800,'CFT Main'!$C29,Work!$G$3:$G$5800,"*Completed",Work!$F$3:$F$5800,AZ$5) -> 1 | BB29: =COUNTIFS(Work!$D$3:$D$5800,'CFT Main'!$B29,Work!$N$3:$N$5800,'CFT Main'!$C29,Work!$G$3:$G$5800,"Ongoing",Work!$F$3:$F$5800,BB$5) -> 4 | BC29: =COUNTIFS(Work!$D$3:$D$5800,'CFT Main'!$B29,Work!$N$3:$N$5800,'CFT Main'!$C29,Work!$G$3:$G$5800,"*Completed",Work!$F$3:$F$5800,BB$5) -> 0 | BD29: =COUNTIFS(Work!$D$3:$D$5800,'CFT Main'!$B29,Work!$N$3:$N$5800,'CFT Main'!$C29,Work!$G$3:$G$5800,"Ongoing",Work!$F$3:$F$5800,BD$5) -> 18 | BE29: =COUNTIFS(Work!$D$3:$D$5800,'CFT Main'!$B29,Work!$N$3:$N$5800,'CFT Main'!$C29,Work!$G$3:$G$5800,"*Completed",Work!$F$3:$F$5800,BD$5) -> 0
A30: 24 | B30: MAJHGAWAN | C30: PINDRA | D30: DEOTALAW | E30: रमाकांत त्रिपाठी | F30: Ankita Sohgaura | G30: =SUMIFS(#REF!,'GP Main'!$B$8:$B$827,'CFT Main'!$B35,'GP Main'!$C$8:$C$827,'CFT Main'!$C35) -> #REF! | H30: =SUMIFS(#REF!,'GP Main'!$B$8:$B$827,'CFT Main'!$B35,'GP Main'!$C$8:$C$827,'CFT Main'!$C35) -> #REF! | I30: =SUMIFS(#REF!,'GP Main'!$B$8:$B$827,'CFT Main'!$B35,'GP Main'!$C$8:$C$827,'CFT Main'!$C35) -> #REF! | J30: =SUMIFS(#REF!,'GP Main'!$B$8:$B$827,'CFT Main'!$B35,'GP Main'!$C$8:$C$827,'CFT Main'!$C35) -> #REF! | K30: =SUMIFS(#REF!,'GP Main'!$B$8:$B$827,'CFT Main'!$B35,'GP Main'!$C$8:$C$827,'CFT Main'!$C35) -> #REF! | L30: =SUMIFS(#REF!,'GP Main'!$B$8:$B$827,'CFT Main'!$B35,'GP Main'!$C$8:$C$827,'CFT Main'!$C35) -> #REF! | M30: =SUMIFS(#REF!,'GP Main'!$B$8:$B$827,'CFT Main'!$B35,'GP Main'!$C$8:$C$827,'CFT Main'!$C35) -> #REF! | N30: =SUMIFS(#REF!,'GP Main'!$B$8:$B$827,'CFT Main'!$B35,'GP Main'!$C$8:$C$827,'CFT Main'!$C35) -> #REF! | ... AB30: =SUMIFS(#REF!,'GP Main'!$B$8:$B$827,'CFT Main'!$B35,'GP Main'!$C$8:$C$827,'CFT Main'!$C35) -> #REF! | AD30: =SUMIFS(#REF!,'GP Main'!$B$8:$B$827,'CFT Main'!$B35,'GP Main'!$C$8:$C$827,'CFT Main'!$C35) -> #REF! | AE30: =SUMIFS(#REF!,'GP Main'!$B$8:$B$827,'CFT Main'!$B35,'GP Main'!$C$8:$C$827,'CFT Main'!$C35) -> #REF! | AG30: =SUMIFS(#REF!,'GP Main'!$B$8:$B$827,'CFT Main'!$B35,'GP Main'!$C$8:$C$827,'CFT Main'!$C35) -> #REF! | AH30: =SUMIFS(#REF!,'GP Main'!$B$8:$B$827,'CFT Main'!$B35,'GP Main'!$C$8:$C$827,'CFT Main'!$C35) -> #REF! | AI30: =SUMIFS(#REF!,'GP Main'!$B$8:$B$827,'CFT Main'!$B35,'GP Main'!$C$8:$C$827,'CFT Main'!$C35) -> #REF! | AJ30: =SUMIFS(#REF!,'GP Main'!$B$8:$B$827,'CFT Main'!$B35,'GP Main'!$C$8:$C$827,'CFT Main'!$C35) -> #REF! | AK30: =SUMIFS(#REF!,'GP Main'!$B$8:$B$827,'CFT Main'!$B35,'GP Main'!$C$8:$C$827,'CFT Main'!$C35) -> #REF! | AM30: अनूप कुमार सिंह | AN30: =COUNTIFS(Work!$D$3:$D$5800,'CFT Main'!$B30,Work!$N$3:$N$5800,'CFT Main'!$C30,Work!$G$3:$G$5800,"Ongoing") -> 53 | AO30: =COUNTIFS(Work!$D$3:$D$5800,'CFT Main'!$B30,Work!$N$3:$N$5800,'CFT Main'!$C30,Work!$G$3:$G$5800,"*Completed") -> 74 | AP30: =COUNTIFS(Work!$D$3:$D$5800,'CFT Main'!$B30,Work!$N$3:$N$5800,'CFT Main'!$C30,Work!$G$3:$G$5800,"Ongoing",Work!$F$3:$F$5800,AP$5) -> 22 | AQ30: =COUNTIFS(Work!$D$3:$D$5800,'CFT Main'!$B30,Work!$N$3:$N$5800,'CFT Main'!$C30,Work!$G$3:$G$5800,"*Completed",Work!$F$3:$F$5800,AP$5) -> 31 | AR30: =COUNTIFS(Work!$D$3:$D$5800,'CFT Main'!$B30,Work!$N$3:$N$5800,'CFT Main'!$C30,Work!$G$3:$G$5800,"Ongoing",Work!$F$3:$F$5800,AR$5) -> 7 | AS30: =COUNTIFS(Work!$D$3:$D$5800,'CFT Main'!$B30,Work!$N$3:$N$5800,'CFT Main'!$C30,Work!$G$3:$G$5800,"*Completed",Work!$F$3:$F$5800,AR$5) -> 34 | AT30: =COUNTIFS(Work!$D$3:$D$5800,'CFT Main'!$B30,Work!$N$3:$N$5800,'CFT Main'!$C30,Work!$G$3:$G$5800,"Ongoing",Work!$F$3:$F$5800,AT$5) -> 6 | AU30: =COUNTIFS(Work!$D$3:$D$5800,'CFT Main'!$B30,Work!$N$3:$N$5800,'CFT Main'!$C30,Work!$G$3:$G$5800,"*Completed",Work!$F$3:$F$5800,AT$5) -> 9 | AV30: =COUNTIFS(Work!$D$3:$D$5800,'CFT Main'!$B30,Work!$N$3:$N$5800,'CFT Main'!$C30,Work!$G$3:$G$5800,"Ongoing",Work!$F$3:$F$5800,AV$5) -> 0 | AW30: =COUNTIFS(Work!$D$3:$D$5800,'CFT Main'!$B30,Work!$N$3:$N$5800,'CFT Main'!$C30,Work!$G$3:$G$5800,"*Completed",Work!$F$3:$F$5800,AV$5) -> 0 | AX30: =COUNTIFS(Work!$D$3:$D$5800,'CFT Main'!$B30,Work!$N$3:$N$5800,'CFT Main'!$C30,Work!$G$3:$G$5800,"Ongoing",Work!$F$3:$F$5800,AX$5) -> 1 | AY30: =COUNTIFS(Work!$D$3:$D$5800,'CFT Main'!$B30,Work!$N$3:$N$5800,'CFT Main'!$C30,Work!$G$3:$G$5800,"*Completed",Work!$F$3:$F$5800,AX$5) -> 0 | AZ30: =COUNTIFS(Work!$D$3:$D$5800,'CFT Main'!$B30,Work!$N$3:$N$5800,'CFT Main'!$C30,Work!$G$3:$G$5800,"Ongoing",Work!$F$3:$F$5800,AZ$5) -> 0 | BA30: =COUNTIFS(Work!$D$3:$D$5800,'CFT Main'!$B30,Work!$N$3:$N$5800,'CFT Main'!$C30,Work!$G$3:$G$5800,"*Completed",Work!$F$3:$F$5800,AZ$5) -> 0 | BB30: =COUNTIFS(Work!$D$3:$D$5800,'CFT Main'!$B30,Work!$N$3:$N$5800,'CFT Main'!$C30,Work!$G$3:$G$5800,"Ongoing",Work!$F$3:$F$5800,BB$5) -> 0 | BC30: =COUNTIFS(Work!$D$3:$D$5800,'CFT Main'!$B30,Work!$N$3:$N$5800,'CFT Main'!$C30,Work!$G$3:$G$5800,"*Completed",Work!$F$3:$F$5800,BB$5) -> 0 | BD30: =COUNTIFS(Work!$D$3:$D$5800,'CFT Main'!$B30,Work!$N$3:$N$5800,'CFT Main'!$C30,Work!$G$3:$G$5800,"Ongoing",Work!$F$3:$F$5800,BD$5) -> 17 | BE30: =COUNTIFS(Work!$D$3:$D$5800,'CFT Main'!$B30,Work!$N$3:$N$5800,'CFT Main'!$C30,Work!$G$3:$G$5800,"*Completed",Work!$F$3:$F$5800,BD$5) -> 0
A31: 25 | B31: NAGOD | C31: KATKONKALA | D31: BAHERI NANAKAR | E31: कौशल पटेल अति0 | F31: Ankita Sohgaura | G31: =SUMIFS(#REF!,'GP Main'!$B$8:$B$827,'CFT Main'!$B31,'GP Main'!$C$8:$C$827,'CFT Main'!$C31) -> #REF! | H31: =SUMIFS(#REF!,'GP Main'!$B$8:$B$827,'CFT Main'!$B31,'GP Main'!$C$8:$C$827,'CFT Main'!$C31) -> #REF! | I31: =SUMIFS(#REF!,'GP Main'!$B$8:$B$827,'CFT Main'!$B31,'GP Main'!$C$8:$C$827,'CFT Main'!$C31) -> #REF! | J31: =SUMIFS(#REF!,'GP Main'!$B$8:$B$827,'CFT Main'!$B31,'GP Main'!$C$8:$C$827,'CFT Main'!$C31) -> #REF! | K31: =SUMIFS(#REF!,'GP Main'!$B$8:$B$827,'CFT Main'!$B31,'GP Main'!$C$8:$C$827,'CFT Main'!$C31) -> #REF! | L31: =SUMIFS(#REF!,'GP Main'!$B$8:$B$827,'CFT Main'!$B31,'GP Main'!$C$8:$C$827,'CFT Main'!$C31) -> #REF! | M31: =SUMIFS(#REF!,'GP Main'!$B$8:$B$827,'CFT Main'!$B31,'GP Main'!$C$8:$C$827,'CFT Main'!$C31) -> #REF! | N31: =SUMIFS(#REF!,'GP Main'!$B$8:$B$827,'CFT Main'!$B31,'GP Main'!$C$8:$C$827,'CFT Main'!$C31) -> #REF! | ... AB31: =SUMIFS(#REF!,'GP Main'!$B$8:$B$827,'CFT Main'!$B31,'GP Main'!$C$8:$C$827,'CFT Main'!$C31) -> #REF! | AD31: =SUMIFS(#REF!,'GP Main'!$B$8:$B$827,'CFT Main'!$B31,'GP Main'!$C$8:$C$827,'CFT Main'!$C31) -> #REF! | AE31: =SUMIFS(#REF!,'GP Main'!$B$8:$B$827,'CFT Main'!$B31,'GP Main'!$C$8:$C$827,'CFT Main'!$C31) -> #REF! | AG31: =SUMIFS(#REF!,'GP Main'!$B$8:$B$827,'CFT Main'!$B31,'GP Main'!$C$8:$C$827,'CFT Main'!$C31) -> #REF! | AH31: =SUMIFS(#REF!,'GP Main'!$B$8:$B$827,'CFT Main'!$B31,'GP Main'!$C$8:$C$827,'CFT Main'!$C31) -> #REF! | AI31: =SUMIFS(#REF!,'GP Main'!$B$8:$B$827,'CFT Main'!$B31,'GP Main'!$C$8:$C$827,'CFT Main'!$C31) -> #REF! | AJ31: =SUMIFS(#REF!,'GP Main'!$B$8:$B$827,'CFT Main'!$B31,'GP Main'!$C$8:$C$827,'CFT Main'!$C31) -> #REF! | AK31: =SUMIFS(#REF!,'GP Main'!$B$8:$B$827,'CFT Main'!$B31,'GP Main'!$C$8:$C$827,'CFT Main'!$C31) -> #REF! | AM31: मधु बागरी अति0 | AN31: =COUNTIFS(Work!$D$3:$D$5800,'CFT Main'!$B31,Work!$N$3:$N$5800,'CFT Main'!$C31,Work!$G$3:$G$5800,"Ongoing") -> 38 | AO31: =COUNTIFS(Work!$D$3:$D$5800,'CFT Main'!$B31,Work!$N$3:$N$5800,'CFT Main'!$C31,Work!$G$3:$G$5800,"*Completed") -> 54 | AP31: =COUNTIFS(Work!$D$3:$D$5800,'CFT Main'!$B31,Work!$N$3:$N$5800,'CFT Main'!$C31,Work!$G$3:$G$5800,"Ongoing",Work!$F$3:$F$5800,AP$5) -> 9 | AQ31: =COUNTIFS(Work!$D$3:$D$5800,'CFT Main'!$B31,Work!$N$3:$N$5800,'CFT Main'!$C31,Work!$G$3:$G$5800,"*Completed",Work!$F$3:$F$5800,AP$5) -> 18 | AR31: =COUNTIFS(Work!$D$3:$D$5800,'CFT Main'!$B31,Work!$N$3:$N$5800,'CFT Main'!$C31,Work!$G$3:$G$5800,"Ongoing",Work!$F$3:$F$5800,AR$5) -> 0 | AS31: =COUNTIFS(Work!$D$3:$D$5800,'CFT Main'!$B31,Work!$N$3:$N$5800,'CFT Main'!$C31,Work!$G$3:$G$5800,"*Completed",Work!$F$3:$F$5800,AR$5) -> 21 | AT31: =COUNTIFS(Work!$D$3:$D$5800,'CFT Main'!$B31,Work!$N$3:$N$5800,'CFT Main'!$C31,Work!$G$3:$G$5800,"Ongoing",Work!$F$3:$F$5800,AT$5) -> 5 | AU31: =COUNTIFS(Work!$D$3:$D$5800,'CFT Main'!$B31,Work!$N$3:$N$5800,'CFT Main'!$C31,Work!$G$3:$G$5800,"*Completed",Work!$F$3:$F$5800,AT$5) -> 11 | AV31: =COUNTIFS(Work!$D$3:$D$5800,'CFT Main'!$B31,Work!$N$3:$N$5800,'CFT Main'!$C31,Work!$G$3:$G$5800,"Ongoing",Work!$F$3:$F$5800,AV$5) -> 0 | AW31: =COUNTIFS(Work!$D$3:$D$5800,'CFT Main'!$B31,Work!$N$3:$N$5800,'CFT Main'!$C31,Work!$G$3:$G$5800,"*Completed",Work!$F$3:$F$5800,AV$5) -> 2 | AX31: =COUNTIFS(Work!$D$3:$D$5800,'CFT Main'!$B31,Work!$N$3:$N$5800,'CFT Main'!$C31,Work!$G$3:$G$5800,"Ongoing",Work!$F$3:$F$5800,AX$5) -> 0 | AY31: =COUNTIFS(Work!$D$3:$D$5800,'CFT Main'!$B31,Work!$N$3:$N$5800,'CFT Main'!$C31,Work!$G$3:$G$5800,"*Completed",Work!$F$3:$F$5800,AX$5) -> 0 | AZ31: =COUNTIFS(Work!$D$3:$D$5800,'CFT Main'!$B31,Work!$N$3:$N$5800,'CFT Main'!$C31,Work!$G$3:$G$5800,"Ongoing",Work!$F$3:$F$5800,AZ$5) -> 0 | BA31: =COUNTIFS(Work!$D$3:$D$5800,'CFT Main'!$B31,Work!$N$3:$N$5800,'CFT Main'!$C31,Work!$G$3:$G$5800,"*Completed",Work!$F$3:$F$5800,AZ$5) -> 2 | BB31: =COUNTIFS(Work!$D$3:$D$5800,'CFT Main'!$B31,Work!$N$3:$N$5800,'CFT Main'!$C31,Work!$G$3:$G$5800,"Ongoing",Work!$F$3:$F$5800,BB$5) -> 0 | BC31: =COUNTIFS(Work!$D$3:$D$5800,'CFT Main'!$B31,Work!$N$3:$N$5800,'CFT Main'!$C31,Work!$G$3:$G$5800,"*Completed",Work!$F$3:$F$5800,BB$5) -> 0 | BD31: =COUNTIFS(Work!$D$3:$D$5800,'CFT Main'!$B31,Work!$N$3:$N$5800,'CFT Main'!$C31,Work!$G$3:$G$5800,"Ongoing",Work!$F$3:$F$5800,BD$5) -> 24 | BE31: =COUNTIFS(Work!$D$3:$D$5800,'CFT Main'!$B31,Work!$N$3:$N$5800,'CFT Main'!$C31,Work!$G$3:$G$5800,"*Completed",Work!$F$3:$F$5800,BD$5) -> 0
A32: 26 | B32: NAGOD | C32: SHIVRAJPUR | D32: BELAHAI KHURD | E32: राजीवलोचन त्रिपाठी | F32: Ankita Sohgaura | G32: =SUMIFS(#REF!,'GP Main'!$B$8:$B$827,'CFT Main'!$B33,'GP Main'!$C$8:$C$827,'CFT Main'!$C33) -> #REF! | H32: =SUMIFS(#REF!,'GP Main'!$B$8:$B$827,'CFT Main'!$B33,'GP Main'!$C$8:$C$827,'CFT Main'!$C33) -> #REF! | I32: =SUMIFS(#REF!,'GP Main'!$B$8:$B$827,'CFT Main'!$B33,'GP Main'!$C$8:$C$827,'CFT Main'!$C33) -> #REF! | J32: =SUMIFS(#REF!,'GP Main'!$B$8:$B$827,'CFT Main'!$B33,'GP Main'!$C$8:$C$827,'CFT Main'!$C33) -> #REF! | K32: =SUMIFS(#REF!,'GP Main'!$B$8:$B$827,'CFT Main'!$B33,'GP Main'!$C$8:$C$827,'CFT Main'!$C33) -> #REF! | L32: =SUMIFS(#REF!,'GP Main'!$B$8:$B$827,'CFT Main'!$B33,'GP Main'!$C$8:$C$827,'CFT Main'!$C33) -> #REF! | M32: =SUMIFS(#REF!,'GP Main'!$B$8:$B$827,'CFT Main'!$B33,'GP Main'!$C$8:$C$827,'CFT Main'!$C33) -> #REF! | N32: =SUMIFS(#REF!,'GP Main'!$B$8:$B$827,'CFT Main'!$B33,'GP Main'!$C$8:$C$827,'CFT Main'!$C33) -> #REF! | ... AB32: =SUMIFS(#REF!,'GP Main'!$B$8:$B$827,'CFT Main'!$B33,'GP Main'!$C$8:$C$827,'CFT Main'!$C33) -> #REF! | AD32: =SUMIFS(#REF!,'GP Main'!$B$8:$B$827,'CFT Main'!$B33,'GP Main'!$C$8:$C$827,'CFT Main'!$C33) -> #REF! | AE32: =SUMIFS(#REF!,'GP Main'!$B$8:$B$827,'CFT Main'!$B33,'GP Main'!$C$8:$C$827,'CFT Main'!$C33) -> #REF! | AG32: =SUMIFS(#REF!,'GP Main'!$B$8:$B$827,'CFT Main'!$B33,'GP Main'!$C$8:$C$827,'CFT Main'!$C33) -> #REF! | AH32: =SUMIFS(#REF!,'GP Main'!$B$8:$B$827,'CFT Main'!$B33,'GP Main'!$C$8:$C$827,'CFT Main'!$C33) -> #REF! | AI32: =SUMIFS(#REF!,'GP Main'!$B$8:$B$827,'CFT Main'!$B33,'GP Main'!$C$8:$C$827,'CFT Main'!$C33) -> #REF! | AJ32: =SUMIFS(#REF!,'GP Main'!$B$8:$B$827,'CFT Main'!$B33,'GP Main'!$C$8:$C$827,'CFT Main'!$C33) -> #REF! | AK32: =SUMIFS(#REF!,'GP Main'!$B$8:$B$827,'CFT Main'!$B33,'GP Main'!$C$8:$C$827,'CFT Main'!$C33) -> #REF! | AM32: मधु बागरी अति0 | AN32: =COUNTIFS(Work!$D$3:$D$5800,'CFT Main'!$B32,Work!$N$3:$N$5800,'CFT Main'!$C32,Work!$G$3:$G$5800,"Ongoing") -> 45 | AO32: =COUNTIFS(Work!$D$3:$D$5800,'CFT Main'!$B32,Work!$N$3:$N$5800,'CFT Main'!$C32,Work!$G$3:$G$5800,"*Completed") -> 75 | AP32: =COUNTIFS(Work!$D$3:$D$5800,'CFT Main'!$B32,Work!$N$3:$N$5800,'CFT Main'!$C32,Work!$G$3:$G$5800,"Ongoing",Work!$F$3:$F$5800,AP$5) -> 23 | AQ32: =COUNTIFS(Work!$D$3:$D$5800,'CFT Main'!$B32,Work!$N$3:$N$5800,'CFT Main'!$C32,Work!$G$3:$G$5800,"*Completed",Work!$F$3:$F$5800,AP$5) -> 26 | AR32: =COUNTIFS(Work!$D$3:$D$5800,'CFT Main'!$B32,Work!$N$3:$N$5800,'CFT Main'!$C32,Work!$G$3:$G$5800,"Ongoing",Work!$F$3:$F$5800,AR$5) -> 3 | AS32: =COUNTIFS(Work!$D$3:$D$5800,'CFT Main'!$B32,Work!$N$3:$N$5800,'CFT Main'!$C32,Work!$G$3:$G$5800,"*Completed",Work!$F$3:$F$5800,AR$5) -> 16 | AT32: =COUNTIFS(Work!$D$3:$D$5800,'CFT Main'!$B32,Work!$N$3:$N$5800,'CFT Main'!$C32,Work!$G$3:$G$5800,"Ongoing",Work!$F$3:$F$5800,AT$5) -> 3 | AU32: =COUNTIFS(Work!$D$3:$D$5800,'CFT Main'!$B32,Work!$N$3:$N$5800,'CFT Main'!$C32,Work!$G$3:$G$5800,"*Completed",Work!$F$3:$F$5800,AT$5) -> 22 | AV32: =COUNTIFS(Work!$D$3:$D$5800,'CFT Main'!$B32,Work!$N$3:$N$5800,'CFT Main'!$C32,Work!$G$3:$G$5800,"Ongoing",Work!$F$3:$F$5800,AV$5) -> 1 | AW32: =COUNTIFS(Work!$D$3:$D$5800,'CFT Main'!$B32,Work!$N$3:$N$5800,'CFT Main'!$C32,Work!$G$3:$G$5800,"*Completed",Work!$F$3:$F$5800,AV$5) -> 3 | AX32: =COUNTIFS(Work!$D$3:$D$5800,'CFT Main'!$B32,Work!$N$3:$N$5800,'CFT Main'!$C32,Work!$G$3:$G$5800,"Ongoing",Work!$F$3:$F$5800,AX$5) -> 0 | AY32: =COUNTIFS(Work!$D$3:$D$5800,'CFT Main'!$B32,Work!$N$3:$N$5800,'CFT Main'!$C32,Work!$G$3:$G$5800,"*Completed",Work!$F$3:$F$5800,AX$5) -> 7 | AZ32: =COUNTIFS(Work!$D$3:$D$5800,'CFT Main'!$B32,Work!$N$3:$N$5800,'CFT Main'!$C32,Work!$G$3:$G$5800,"Ongoing",Work!$F$3:$F$5800,AZ$5) -> 0 | BA32: =COUNTIFS(Work!$D$3:$D$5800,'CFT Main'!$B32,Work!$N$3:$N$5800,'CFT Main'!$C32,Work!$G$3:$G$5800,"*Completed",Work!$F$3:$F$5800,AZ$5) -> 1 | BB32: =COUNTIFS(Work!$D$3:$D$5800,'CFT Main'!$B32,Work!$N$3:$N$5800,'CFT Main'!$C32,Work!$G$3:$G$5800,"Ongoing",Work!$F$3:$F$5800,BB$5) -> 0 | BC32: =COUNTIFS(Work!$D$3:$D$5800,'CFT Main'!$B32,Work!$N$3:$N$5800,'CFT Main'!$C32,Work!$G$3:$G$5800,"*Completed",Work!$F$3:$F$5800,BB$5) -> 0 | BD32: =COUNTIFS(Work!$D$3:$D$5800,'CFT Main'!$B32,Work!$N$3:$N$5800,'CFT Main'!$C32,Work!$G$3:$G$5800,"Ongoing",Work!$F$3:$F$5800,BD$5) -> 15 | BE32: =COUNTIFS(Work!$D$3:$D$5800,'CFT Main'!$B32,Work!$N$3:$N$5800,'CFT Main'!$C32,Work!$G$3:$G$5800,"*Completed",Work!$F$3:$F$5800,BD$5) -> 0
A33: 27 | B33: NAGOD | C33: DUREHA | D33: AMOKHAR | E33: संकल्प राणा | F33: Ankita Sohgaura | G33: =SUMIFS(#REF!,'GP Main'!$B$8:$B$827,'CFT Main'!$B29,'GP Main'!$C$8:$C$827,'CFT Main'!$C29) -> #REF! | H33: =SUMIFS(#REF!,'GP Main'!$B$8:$B$827,'CFT Main'!$B29,'GP Main'!$C$8:$C$827,'CFT Main'!$C29) -> #REF! | I33: =SUMIFS(#REF!,'GP Main'!$B$8:$B$827,'CFT Main'!$B29,'GP Main'!$C$8:$C$827,'CFT Main'!$C29) -> #REF! | J33: =SUMIFS(#REF!,'GP Main'!$B$8:$B$827,'CFT Main'!$B29,'GP Main'!$C$8:$C$827,'CFT Main'!$C29) -> #REF! | K33: =SUMIFS(#REF!,'GP Main'!$B$8:$B$827,'CFT Main'!$B29,'GP Main'!$C$8:$C$827,'CFT Main'!$C29) -> #REF! | L33: =SUMIFS(#REF!,'GP Main'!$B$8:$B$827,'CFT Main'!$B29,'GP Main'!$C$8:$C$827,'CFT Main'!$C29) -> #REF! | M33: =SUMIFS(#REF!,'GP Main'!$B$8:$B$827,'CFT Main'!$B29,'GP Main'!$C$8:$C$827,'CFT Main'!$C29) -> #REF! | N33: =SUMIFS(#REF!,'GP Main'!$B$8:$B$827,'CFT Main'!$B29,'GP Main'!$C$8:$C$827,'CFT Main'!$C29) -> #REF! | ... AB33: =SUMIFS(#REF!,'GP Main'!$B$8:$B$827,'CFT Main'!$B29,'GP Main'!$C$8:$C$827,'CFT Main'!$C29) -> #REF! | AD33: =SUMIFS(#REF!,'GP Main'!$B$8:$B$827,'CFT Main'!$B29,'GP Main'!$C$8:$C$827,'CFT Main'!$C29) -> #REF! | AE33: =SUMIFS(#REF!,'GP Main'!$B$8:$B$827,'CFT Main'!$B29,'GP Main'!$C$8:$C$827,'CFT Main'!$C29) -> #REF! | AG33: =SUMIFS(#REF!,'GP Main'!$B$8:$B$827,'CFT Main'!$B29,'GP Main'!$C$8:$C$827,'CFT Main'!$C29) -> #REF! | AH33: =SUMIFS(#REF!,'GP Main'!$B$8:$B$827,'CFT Main'!$B29,'GP Main'!$C$8:$C$827,'CFT Main'!$C29) -> #REF! | AI33: =SUMIFS(#REF!,'GP Main'!$B$8:$B$827,'CFT Main'!$B29,'GP Main'!$C$8:$C$827,'CFT Main'!$C29) -> #REF! | AJ33: =SUMIFS(#REF!,'GP Main'!$B$8:$B$827,'CFT Main'!$B29,'GP Main'!$C$8:$C$827,'CFT Main'!$C29) -> #REF! | AK33: =SUMIFS(#REF!,'GP Main'!$B$8:$B$827,'CFT Main'!$B29,'GP Main'!$C$8:$C$827,'CFT Main'!$C29) -> #REF! | AM33: मधु बागरी अति0 | AN33: =COUNTIFS(Work!$D$3:$D$5800,'CFT Main'!$B33,Work!$N$3:$N$5800,'CFT Main'!$C33,Work!$G$3:$G$5800,"Ongoing") -> 63 | AO33: =COUNTIFS(Work!$D$3:$D$5800,'CFT Main'!$B33,Work!$N$3:$N$5800,'CFT Main'!$C33,Work!$G$3:$G$5800,"*Completed") -> 42 | AP33: =COUNTIFS(Work!$D$3:$D$5800,'CFT Main'!$B33,Work!$N$3:$N$5800,'CFT Main'!$C33,Work!$G$3:$G$5800,"Ongoing",Work!$F$3:$F$5800,AP$5) -> 29 | AQ33: =COUNTIFS(Work!$D$3:$D$5800,'CFT Main'!$B33,Work!$N$3:$N$5800,'CFT Main'!$C33,Work!$G$3:$G$5800,"*Completed",Work!$F$3:$F$5800,AP$5) -> 14 | AR33: =COUNTIFS(Work!$D$3:$D$5800,'CFT Main'!$B33,Work!$N$3:$N$5800,'CFT Main'!$C33,Work!$G$3:$G$5800,"Ongoing",Work!$F$3:$F$5800,AR$5) -> 2 | AS33: =COUNTIFS(Work!$D$3:$D$5800,'CFT Main'!$B33,Work!$N$3:$N$5800,'CFT Main'!$C33,Work!$G$3:$G$5800,"*Completed",Work!$F$3:$F$5800,AR$5) -> 19 | AT33: =COUNTIFS(Work!$D$3:$D$5800,'CFT Main'!$B33,Work!$N$3:$N$5800,'CFT Main'!$C33,Work!$G$3:$G$5800,"Ongoing",Work!$F$3:$F$5800,AT$5) -> 5 | AU33: =COUNTIFS(Work!$D$3:$D$5800,'CFT Main'!$B33,Work!$N$3:$N$5800,'CFT Main'!$C33,Work!$G$3:$G$5800,"*Completed",Work!$F$3:$F$5800,AT$5) -> 8 | AV33: =COUNTIFS(Work!$D$3:$D$5800,'CFT Main'!$B33,Work!$N$3:$N$5800,'CFT Main'!$C33,Work!$G$3:$G$5800,"Ongoing",Work!$F$3:$F$5800,AV$5) -> 0 | AW33: =COUNTIFS(Work!$D$3:$D$5800,'CFT Main'!$B33,Work!$N$3:$N$5800,'CFT Main'!$C33,Work!$G$3:$G$5800,"*Completed",Work!$F$3:$F$5800,AV$5) -> 0 | AX33: =COUNTIFS(Work!$D$3:$D$5800,'CFT Main'!$B33,Work!$N$3:$N$5800,'CFT Main'!$C33,Work!$G$3:$G$5800,"Ongoing",Work!$F$3:$F$5800,AX$5) -> 0 | AY33: =COUNTIFS(Work!$D$3:$D$5800,'CFT Main'!$B33,Work!$N$3:$N$5800,'CFT Main'!$C33,Work!$G$3:$G$5800,"*Completed",Work!$F$3:$F$5800,AX$5) -> 1 | AZ33: =COUNTIFS(Work!$D$3:$D$5800,'CFT Main'!$B33,Work!$N$3:$N$5800,'CFT Main'!$C33,Work!$G$3:$G$5800,"Ongoing",Work!$F$3:$F$5800,AZ$5) -> 0 | BA33: =COUNTIFS(Work!$D$3:$D$5800,'CFT Main'!$B33,Work!$N$3:$N$5800,'CFT Main'!$C33,Work!$G$3:$G$5800,"*Completed",Work!$F$3:$F$5800,AZ$5) -> 0 | BB33: =COUNTIFS(Work!$D$3:$D$5800,'CFT Main'!$B33,Work!$N$3:$N$5800,'CFT Main'!$C33,Work!$G$3:$G$5800,"Ongoing",Work!$F$3:$F$5800,BB$5) -> 1 | BC33: =COUNTIFS(Work!$D$3:$D$5800,'CFT Main'!$B33,Work!$N$3:$N$5800,'CFT Main'!$C33,Work!$G$3:$G$5800,"*Completed",Work!$F$3:$F$5800,BB$5) -> 0 | BD33: =COUNTIFS(Work!$D$3:$D$5800,'CFT Main'!$B33,Work!$N$3:$N$5800,'CFT Main'!$C33,Work!$G$3:$G$5800,"Ongoing",Work!$F$3:$F$5800,BD$5) -> 26 | BE33: =COUNTIFS(Work!$D$3:$D$5800,'CFT Main'!$B33,Work!$N$3:$N$5800,'CFT Main'!$C33,Work!$G$3:$G$5800,"*Completed",Work!$F$3:$F$5800,BD$5) -> 0
A34: 28 | B34: NAGOD | C34: JASO | D34: BARATI | E34: रितेश राजपूत | F34: Ankita Sohgaura | G34: =SUMIFS(#REF!,'GP Main'!$B$8:$B$827,'CFT Main'!$B32,'GP Main'!$C$8:$C$827,'CFT Main'!$C32) -> #REF! | H34: =SUMIFS(#REF!,'GP Main'!$B$8:$B$827,'CFT Main'!$B32,'GP Main'!$C$8:$C$827,'CFT Main'!$C32) -> #REF! | I34: =SUMIFS(#REF!,'GP Main'!$B$8:$B$827,'CFT Main'!$B32,'GP Main'!$C$8:$C$827,'CFT Main'!$C32) -> #REF! | J34: =SUMIFS(#REF!,'GP Main'!$B$8:$B$827,'CFT Main'!$B32,'GP Main'!$C$8:$C$827,'CFT Main'!$C32) -> #REF! | K34: =SUMIFS(#REF!,'GP Main'!$B$8:$B$827,'CFT Main'!$B32,'GP Main'!$C$8:$C$827,'CFT Main'!$C32) -> #REF! | L34: =SUMIFS(#REF!,'GP Main'!$B$8:$B$827,'CFT Main'!$B32,'GP Main'!$C$8:$C$827,'CFT Main'!$C32) -> #REF! | M34: =SUMIFS(#REF!,'GP Main'!$B$8:$B$827,'CFT Main'!$B32,'GP Main'!$C$8:$C$827,'CFT Main'!$C32) -> #REF! | N34: =SUMIFS(#REF!,'GP Main'!$B$8:$B$827,'CFT Main'!$B32,'GP Main'!$C$8:$C$827,'CFT Main'!$C32) -> #REF! | ... AB34: =SUMIFS(#REF!,'GP Main'!$B$8:$B$827,'CFT Main'!$B32,'GP Main'!$C$8:$C$827,'CFT Main'!$C32) -> #REF! | AD34: =SUMIFS(#REF!,'GP Main'!$B$8:$B$827,'CFT Main'!$B32,'GP Main'!$C$8:$C$827,'CFT Main'!$C32) -> #REF! | AE34: =SUMIFS(#REF!,'GP Main'!$B$8:$B$827,'CFT Main'!$B32,'GP Main'!$C$8:$C$827,'CFT Main'!$C32) -> #REF! | AG34: =SUMIFS(#REF!,'GP Main'!$B$8:$B$827,'CFT Main'!$B32,'GP Main'!$C$8:$C$827,'CFT Main'!$C32) -> #REF! | AH34: =SUMIFS(#REF!,'GP Main'!$B$8:$B$827,'CFT Main'!$B32,'GP Main'!$C$8:$C$827,'CFT Main'!$C32) -> #REF! | AI34: =SUMIFS(#REF!,'GP Main'!$B$8:$B$827,'CFT Main'!$B32,'GP Main'!$C$8:$C$827,'CFT Main'!$C32) -> #REF! | AJ34: =SUMIFS(#REF!,'GP Main'!$B$8:$B$827,'CFT Main'!$B32,'GP Main'!$C$8:$C$827,'CFT Main'!$C32) -> #REF! | AK34: =SUMIFS(#REF!,'GP Main'!$B$8:$B$827,'CFT Main'!$B32,'GP Main'!$C$8:$C$827,'CFT Main'!$C32) -> #REF! | AM34: मधु बागरी अति0 | AN34: =COUNTIFS(Work!$D$3:$D$5800,'CFT Main'!$B34,Work!$N$3:$N$5800,'CFT Main'!$C34,Work!$G$3:$G$5800,"Ongoing") -> 32 | AO34: =COUNTIFS(Work!$D$3:$D$5800,'CFT Main'!$B34,Work!$N$3:$N$5800,'CFT Main'!$C34,Work!$G$3:$G$5800,"*Completed") -> 93 | AP34: =COUNTIFS(Work!$D$3:$D$5800,'CFT Main'!$B34,Work!$N$3:$N$5800,'CFT Main'!$C34,Work!$G$3:$G$5800,"Ongoing",Work!$F$3:$F$5800,AP$5) -> 12 | AQ34: =COUNTIFS(Work!$D$3:$D$5800,'CFT Main'!$B34,Work!$N$3:$N$5800,'CFT Main'!$C34,Work!$G$3:$G$5800,"*Completed",Work!$F$3:$F$5800,AP$5) -> 42 | AR34: =COUNTIFS(Work!$D$3:$D$5800,'CFT Main'!$B34,Work!$N$3:$N$5800,'CFT Main'!$C34,Work!$G$3:$G$5800,"Ongoing",Work!$F$3:$F$5800,AR$5) -> 1 | AS34: =COUNTIFS(Work!$D$3:$D$5800,'CFT Main'!$B34,Work!$N$3:$N$5800,'CFT Main'!$C34,Work!$G$3:$G$5800,"*Completed",Work!$F$3:$F$5800,AR$5) -> 32 | AT34: =COUNTIFS(Work!$D$3:$D$5800,'CFT Main'!$B34,Work!$N$3:$N$5800,'CFT Main'!$C34,Work!$G$3:$G$5800,"Ongoing",Work!$F$3:$F$5800,AT$5) -> 2 | AU34: =COUNTIFS(Work!$D$3:$D$5800,'CFT Main'!$B34,Work!$N$3:$N$5800,'CFT Main'!$C34,Work!$G$3:$G$5800,"*Completed",Work!$F$3:$F$5800,AT$5) -> 12 | AV34: =COUNTIFS(Work!$D$3:$D$5800,'CFT Main'!$B34,Work!$N$3:$N$5800,'CFT Main'!$C34,Work!$G$3:$G$5800,"Ongoing",Work!$F$3:$F$5800,AV$5) -> 0 | AW34: =COUNTIFS(Work!$D$3:$D$5800,'CFT Main'!$B34,Work!$N$3:$N$5800,'CFT Main'!$C34,Work!$G$3:$G$5800,"*Completed",Work!$F$3:$F$5800,AV$5) -> 3 | AX34: =COUNTIFS(Work!$D$3:$D$5800,'CFT Main'!$B34,Work!$N$3:$N$5800,'CFT Main'!$C34,Work!$G$3:$G$5800,"Ongoing",Work!$F$3:$F$5800,AX$5) -> 0 | AY34: =COUNTIFS(Work!$D$3:$D$5800,'CFT Main'!$B34,Work!$N$3:$N$5800,'CFT Main'!$C34,Work!$G$3:$G$5800,"*Completed",Work!$F$3:$F$5800,AX$5) -> 4 | AZ34: =COUNTIFS(Work!$D$3:$D$5800,'CFT Main'!$B34,Work!$N$3:$N$5800,'CFT Main'!$C34,Work!$G$3:$G$5800,"Ongoing",Work!$F$3:$F$5800,AZ$5) -> 0 | BA34: =COUNTIFS(Work!$D$3:$D$5800,'CFT Main'!$B34,Work!$N$3:$N$5800,'CFT Main'!$C34,Work!$G$3:$G$5800,"*Completed",Work!$F$3:$F$5800,AZ$5) -> 0 | BB34: =COUNTIFS(Work!$D$3:$D$5800,'CFT Main'!$B34,Work!$N$3:$N$5800,'CFT Main'!$C34,Work!$G$3:$G$5800,"Ongoing",Work!$F$3:$F$5800,BB$5) -> 0 | BC34: =COUNTIFS(Work!$D$3:$D$5800,'CFT Main'!$B34,Work!$N$3:$N$5800,'CFT Main'!$C34,Work!$G$3:$G$5800,"*Completed",Work!$F$3:$F$5800,BB$5) -> 0 | BD34: =COUNTIFS(Work!$D$3:$D$5800,'CFT Main'!$B34,Work!$N$3:$N$5800,'CFT Main'!$C34,Work!$G$3:$G$5800,"Ongoing",Work!$F$3:$F$5800,BD$5) -> 17 | BE34: =COUNTIFS(Work!$D$3:$D$5800,'CFT Main'!$B34,Work!$N$3:$N$5800,'CFT Main'!$C34,Work!$G$3:$G$5800,"*Completed",Work!$F$3:$F$5800,BD$5) -> 0
A35: 29 | B35: NAGOD | C35: SITPURA | D35: BAHERA DABAR | E35: निशा तिवारी | F35: Ankita Sohgaura | G35: =SUMIFS(#REF!,'GP Main'!$B$8:$B$827,'CFT Main'!$B30,'GP Main'!$C$8:$C$827,'CFT Main'!$C30) -> #REF! | H35: =SUMIFS(#REF!,'GP Main'!$B$8:$B$827,'CFT Main'!$B30,'GP Main'!$C$8:$C$827,'CFT Main'!$C30) -> #REF! | I35: =SUMIFS(#REF!,'GP Main'!$B$8:$B$827,'CFT Main'!$B30,'GP Main'!$C$8:$C$827,'CFT Main'!$C30) -> #REF! | J35: =SUMIFS(#REF!,'GP Main'!$B$8:$B$827,'CFT Main'!$B30,'GP Main'!$C$8:$C$827,'CFT Main'!$C30) -> #REF! | K35: =SUMIFS(#REF!,'GP Main'!$B$8:$B$827,'CFT Main'!$B30,'GP Main'!$C$8:$C$827,'CFT Main'!$C30) -> #REF! | L35: =SUMIFS(#REF!,'GP Main'!$B$8:$B$827,'CFT Main'!$B30,'GP Main'!$C$8:$C$827,'CFT Main'!$C30) -> #REF! | M35: =SUMIFS(#REF!,'GP Main'!$B$8:$B$827,'CFT Main'!$B30,'GP Main'!$C$8:$C$827,'CFT Main'!$C30) -> #REF! | N35: =SUMIFS(#REF!,'GP Main'!$B$8:$B$827,'CFT Main'!$B30,'GP Main'!$C$8:$C$827,'CFT Main'!$C30) -> #REF! | ... AB35: =SUMIFS(#REF!,'GP Main'!$B$8:$B$827,'CFT Main'!$B30,'GP Main'!$C$8:$C$827,'CFT Main'!$C30) -> #REF! | AD35: =SUMIFS(#REF!,'GP Main'!$B$8:$B$827,'CFT Main'!$B30,'GP Main'!$C$8:$C$827,'CFT Main'!$C30) -> #REF! | AE35: =SUMIFS(#REF!,'GP Main'!$B$8:$B$827,'CFT Main'!$B30,'GP Main'!$C$8:$C$827,'CFT Main'!$C30) -> #REF! | AG35: =SUMIFS(#REF!,'GP Main'!$B$8:$B$827,'CFT Main'!$B30,'GP Main'!$C$8:$C$827,'CFT Main'!$C30) -> #REF! | AH35: =SUMIFS(#REF!,'GP Main'!$B$8:$B$827,'CFT Main'!$B30,'GP Main'!$C$8:$C$827,'CFT Main'!$C30) -> #REF! | AI35: =SUMIFS(#REF!,'GP Main'!$B$8:$B$827,'CFT Main'!$B30,'GP Main'!$C$8:$C$827,'CFT Main'!$C30) -> #REF! | AJ35: =SUMIFS(#REF!,'GP Main'!$B$8:$B$827,'CFT Main'!$B30,'GP Main'!$C$8:$C$827,'CFT Main'!$C30) -> #REF! | AK35: =SUMIFS(#REF!,'GP Main'!$B$8:$B$827,'CFT Main'!$B30,'GP Main'!$C$8:$C$827,'CFT Main'!$C30) -> #REF! | AM35: मधु बागरी अति0 | AN35: =COUNTIFS(Work!$D$3:$D$5800,'CFT Main'!$B35,Work!$N$3:$N$5800,'CFT Main'!$C35,Work!$G$3:$G$5800,"Ongoing") -> 32 | AO35: =COUNTIFS(Work!$D$3:$D$5800,'CFT Main'!$B35,Work!$N$3:$N$5800,'CFT Main'!$C35,Work!$G$3:$G$5800,"*Completed") -> 59 | AP35: =COUNTIFS(Work!$D$3:$D$5800,'CFT Main'!$B35,Work!$N$3:$N$5800,'CFT Main'!$C35,Work!$G$3:$G$5800,"Ongoing",Work!$F$3:$F$5800,AP$5) -> 15 | AQ35: =COUNTIFS(Work!$D$3:$D$5800,'CFT Main'!$B35,Work!$N$3:$N$5800,'CFT Main'!$C35,Work!$G$3:$G$5800,"*Completed",Work!$F$3:$F$5800,AP$5) -> 30 | AR35: =COUNTIFS(Work!$D$3:$D$5800,'CFT Main'!$B35,Work!$N$3:$N$5800,'CFT Main'!$C35,Work!$G$3:$G$5800,"Ongoing",Work!$F$3:$F$5800,AR$5) -> 0 | AS35: =COUNTIFS(Work!$D$3:$D$5800,'CFT Main'!$B35,Work!$N$3:$N$5800,'CFT Main'!$C35,Work!$G$3:$G$5800,"*Completed",Work!$F$3:$F$5800,AR$5) -> 15 | AT35: =COUNTIFS(Work!$D$3:$D$5800,'CFT Main'!$B35,Work!$N$3:$N$5800,'CFT Main'!$C35,Work!$G$3:$G$5800,"Ongoing",Work!$F$3:$F$5800,AT$5) -> 4 | AU35: =COUNTIFS(Work!$D$3:$D$5800,'CFT Main'!$B35,Work!$N$3:$N$5800,'CFT Main'!$C35,Work!$G$3:$G$5800,"*Completed",Work!$F$3:$F$5800,AT$5) -> 12 | AV35: =COUNTIFS(Work!$D$3:$D$5800,'CFT Main'!$B35,Work!$N$3:$N$5800,'CFT Main'!$C35,Work!$G$3:$G$5800,"Ongoing",Work!$F$3:$F$5800,AV$5) -> 0 | AW35: =COUNTIFS(Work!$D$3:$D$5800,'CFT Main'!$B35,Work!$N$3:$N$5800,'CFT Main'!$C35,Work!$G$3:$G$5800,"*Completed",Work!$F$3:$F$5800,AV$5) -> 2 | AX35: =COUNTIFS(Work!$D$3:$D$5800,'CFT Main'!$B35,Work!$N$3:$N$5800,'CFT Main'!$C35,Work!$G$3:$G$5800,"Ongoing",Work!$F$3:$F$5800,AX$5) -> 0 | AY35: =COUNTIFS(Work!$D$3:$D$5800,'CFT Main'!$B35,Work!$N$3:$N$5800,'CFT Main'!$C35,Work!$G$3:$G$5800,"*Completed",Work!$F$3:$F$5800,AX$5) -> 0 | AZ35: =COUNTIFS(Work!$D$3:$D$5800,'CFT Main'!$B35,Work!$N$3:$N$5800,'CFT Main'!$C35,Work!$G$3:$G$5800,"Ongoing",Work!$F$3:$F$5800,AZ$5) -> 0 | BA35: =COUNTIFS(Work!$D$3:$D$5800,'CFT Main'!$B35,Work!$N$3:$N$5800,'CFT Main'!$C35,Work!$G$3:$G$5800,"*Completed",Work!$F$3:$F$5800,AZ$5) -> 0 | BB35: =COUNTIFS(Work!$D$3:$D$5800,'CFT Main'!$B35,Work!$N$3:$N$5800,'CFT Main'!$C35,Work!$G$3:$G$5800,"Ongoing",Work!$F$3:$F$5800,BB$5) -> 1 | BC35: =COUNTIFS(Work!$D$3:$D$5800,'CFT Main'!$B35,Work!$N$3:$N$5800,'CFT Main'!$C35,Work!$G$3:$G$5800,"*Completed",Work!$F$3:$F$5800,BB$5) -> 0 | BD35: =COUNTIFS(Work!$D$3:$D$5800,'CFT Main'!$B35,Work!$N$3:$N$5800,'CFT Main'!$C35,Work!$G$3:$G$5800,"Ongoing",Work!$F$3:$F$5800,BD$5) -> 12 | BE35: =COUNTIFS(Work!$D$3:$D$5800,'CFT Main'!$B35,Work!$N$3:$N$5800,'CFT Main'!$C35,Work!$G$3:$G$5800,"*Completed",Work!$F$3:$F$5800,BD$5) -> 0
A36: 30 | B36: NAGOD | C36: BARAPATTHAR | D36: BAHERA KOTHAR | E36: हेमंत तिवारी | F36: R.P. Mishra | G36: =SUMIFS(#REF!,'GP Main'!$B$8:$B$827,'CFT Main'!$B41,'GP Main'!$C$8:$C$827,'CFT Main'!$C41) -> #REF! | H36: =SUMIFS(#REF!,'GP Main'!$B$8:$B$827,'CFT Main'!$B41,'GP Main'!$C$8:$C$827,'CFT Main'!$C41) -> #REF! | I36: =SUMIFS(#REF!,'GP Main'!$B$8:$B$827,'CFT Main'!$B41,'GP Main'!$C$8:$C$827,'CFT Main'!$C41) -> #REF! | J36: =SUMIFS(#REF!,'GP Main'!$B$8:$B$827,'CFT Main'!$B41,'GP Main'!$C$8:$C$827,'CFT Main'!$C41) -> #REF! | K36: =SUMIFS(#REF!,'GP Main'!$B$8:$B$827,'CFT Main'!$B41,'GP Main'!$C$8:$C$827,'CFT Main'!$C41) -> #REF! | L36: =SUMIFS(#REF!,'GP Main'!$B$8:$B$827,'CFT Main'!$B41,'GP Main'!$C$8:$C$827,'CFT Main'!$C41) -> #REF! | M36: =SUMIFS(#REF!,'GP Main'!$B$8:$B$827,'CFT Main'!$B41,'GP Main'!$C$8:$C$827,'CFT Main'!$C41) -> #REF! | N36: =SUMIFS(#REF!,'GP Main'!$B$8:$B$827,'CFT Main'!$B41,'GP Main'!$C$8:$C$827,'CFT Main'!$C41) -> #REF! | ... AB36: =SUMIFS(#REF!,'GP Main'!$B$8:$B$827,'CFT Main'!$B41,'GP Main'!$C$8:$C$827,'CFT Main'!$C41) -> #REF! | AD36: =SUMIFS(#REF!,'GP Main'!$B$8:$B$827,'CFT Main'!$B41,'GP Main'!$C$8:$C$827,'CFT Main'!$C41) -> #REF! | AE36: =SUMIFS(#REF!,'GP Main'!$B$8:$B$827,'CFT Main'!$B41,'GP Main'!$C$8:$C$827,'CFT Main'!$C41) -> #REF! | AG36: =SUMIFS(#REF!,'GP Main'!$B$8:$B$827,'CFT Main'!$B41,'GP Main'!$C$8:$C$827,'CFT Main'!$C41) -> #REF! | AH36: =SUMIFS(#REF!,'GP Main'!$B$8:$B$827,'CFT Main'!$B41,'GP Main'!$C$8:$C$827,'CFT Main'!$C41) -> #REF! | AI36: =SUMIFS(#REF!,'GP Main'!$B$8:$B$827,'CFT Main'!$B41,'GP Main'!$C$8:$C$827,'CFT Main'!$C41) -> #REF! | AJ36: =SUMIFS(#REF!,'GP Main'!$B$8:$B$827,'CFT Main'!$B41,'GP Main'!$C$8:$C$827,'CFT Main'!$C41) -> #REF! | AK36: =SUMIFS(#REF!,'GP Main'!$B$8:$B$827,'CFT Main'!$B41,'GP Main'!$C$8:$C$827,'CFT Main'!$C41) -> #REF! | AM36: मधु बागरी अति0 | AN36: =COUNTIFS(Work!$D$3:$D$5800,'CFT Main'!$B36,Work!$N$3:$N$5800,'CFT Main'!$C36,Work!$G$3:$G$5800,"Ongoing") -> 27 | AO36: =COUNTIFS(Work!$D$3:$D$5800,'CFT Main'!$B36,Work!$N$3:$N$5800,'CFT Main'!$C36,Work!$G$3:$G$5800,"*Completed") -> 67 | AP36: =COUNTIFS(Work!$D$3:$D$5800,'CFT Main'!$B36,Work!$N$3:$N$5800,'CFT Main'!$C36,Work!$G$3:$G$5800,"Ongoing",Work!$F$3:$F$5800,AP$5) -> 7 | AQ36: =COUNTIFS(Work!$D$3:$D$5800,'CFT Main'!$B36,Work!$N$3:$N$5800,'CFT Main'!$C36,Work!$G$3:$G$5800,"*Completed",Work!$F$3:$F$5800,AP$5) -> 35 | AR36: =COUNTIFS(Work!$D$3:$D$5800,'CFT Main'!$B36,Work!$N$3:$N$5800,'CFT Main'!$C36,Work!$G$3:$G$5800,"Ongoing",Work!$F$3:$F$5800,AR$5) -> 5 | AS36: =COUNTIFS(Work!$D$3:$D$5800,'CFT Main'!$B36,Work!$N$3:$N$5800,'CFT Main'!$C36,Work!$G$3:$G$5800,"*Completed",Work!$F$3:$F$5800,AR$5) -> 21 | AT36: =COUNTIFS(Work!$D$3:$D$5800,'CFT Main'!$B36,Work!$N$3:$N$5800,'CFT Main'!$C36,Work!$G$3:$G$5800,"Ongoing",Work!$F$3:$F$5800,AT$5) -> 0 | AU36: =COUNTIFS(Work!$D$3:$D$5800,'CFT Main'!$B36,Work!$N$3:$N$5800,'CFT Main'!$C36,Work!$G$3:$G$5800,"*Completed",Work!$F$3:$F$5800,AT$5) -> 8 | AV36: =COUNTIFS(Work!$D$3:$D$5800,'CFT Main'!$B36,Work!$N$3:$N$5800,'CFT Main'!$C36,Work!$G$3:$G$5800,"Ongoing",Work!$F$3:$F$5800,AV$5) -> 0 | AW36: =COUNTIFS(Work!$D$3:$D$5800,'CFT Main'!$B36,Work!$N$3:$N$5800,'CFT Main'!$C36,Work!$G$3:$G$5800,"*Completed",Work!$F$3:$F$5800,AV$5) -> 0 | AX36: =COUNTIFS(Work!$D$3:$D$5800,'CFT Main'!$B36,Work!$N$3:$N$5800,'CFT Main'!$C36,Work!$G$3:$G$5800,"Ongoing",Work!$F$3:$F$5800,AX$5) -> 0 | AY36: =COUNTIFS(Work!$D$3:$D$5800,'CFT Main'!$B36,Work!$N$3:$N$5800,'CFT Main'!$C36,Work!$G$3:$G$5800,"*Completed",Work!$F$3:$F$5800,AX$5) -> 3 | AZ36: =COUNTIFS(Work!$D$3:$D$5800,'CFT Main'!$B36,Work!$N$3:$N$5800,'CFT Main'!$C36,Work!$G$3:$G$5800,"Ongoing",Work!$F$3:$F$5800,AZ$5) -> 0 | BA36: =COUNTIFS(Work!$D$3:$D$5800,'CFT Main'!$B36,Work!$N$3:$N$5800,'CFT Main'!$C36,Work!$G$3:$G$5800,"*Completed",Work!$F$3:$F$5800,AZ$5) -> 0 | BB36: =COUNTIFS(Work!$D$3:$D$5800,'CFT Main'!$B36,Work!$N$3:$N$5800,'CFT Main'!$C36,Work!$G$3:$G$5800,"Ongoing",Work!$F$3:$F$5800,BB$5) -> 0 | BC36: =COUNTIFS(Work!$D$3:$D$5800,'CFT Main'!$B36,Work!$N$3:$N$5800,'CFT Main'!$C36,Work!$G$3:$G$5800,"*Completed",Work!$F$3:$F$5800,BB$5) -> 0 | BD36: =COUNTIFS(Work!$D$3:$D$5800,'CFT Main'!$B36,Work!$N$3:$N$5800,'CFT Main'!$C36,Work!$G$3:$G$5800,"Ongoing",Work!$F$3:$F$5800,BD$5) -> 15 | BE36: =COUNTIFS(Work!$D$3:$D$5800,'CFT Main'!$B36,Work!$N$3:$N$5800,'CFT Main'!$C36,Work!$G$3:$G$5800,"*Completed",Work!$F$3:$F$5800,BD$5) -> 0
A37: 31 | B37: NAGOD | C37: SINGHPUR | D37: BADHAWA BHAIBHAT | E37: कौशल पटेल | F37: R.P. Mishra | G37: =SUMIFS(#REF!,'GP Main'!$B$8:$B$827,'CFT Main'!$B40,'GP Main'!$C$8:$C$827,'CFT Main'!$C40) -> #REF! | H37: =SUMIFS(#REF!,'GP Main'!$B$8:$B$827,'CFT Main'!$B40,'GP Main'!$C$8:$C$827,'CFT Main'!$C40) -> #REF! | I37: =SUMIFS(#REF!,'GP Main'!$B$8:$B$827,'CFT Main'!$B40,'GP Main'!$C$8:$C$827,'CFT Main'!$C40) -> #REF! | J37: =SUMIFS(#REF!,'GP Main'!$B$8:$B$827,'CFT Main'!$B40,'GP Main'!$C$8:$C$827,'CFT Main'!$C40) -> #REF! | K37: =SUMIFS(#REF!,'GP Main'!$B$8:$B$827,'CFT Main'!$B40,'GP Main'!$C$8:$C$827,'CFT Main'!$C40) -> #REF! | L37: =SUMIFS(#REF!,'GP Main'!$B$8:$B$827,'CFT Main'!$B40,'GP Main'!$C$8:$C$827,'CFT Main'!$C40) -> #REF! | M37: =SUMIFS(#REF!,'GP Main'!$B$8:$B$827,'CFT Main'!$B40,'GP Main'!$C$8:$C$827,'CFT Main'!$C40) -> #REF! | N37: =SUMIFS(#REF!,'GP Main'!$B$8:$B$827,'CFT Main'!$B40,'GP Main'!$C$8:$C$827,'CFT Main'!$C40) -> #REF! | ... AB37: =SUMIFS(#REF!,'GP Main'!$B$8:$B$827,'CFT Main'!$B40,'GP Main'!$C$8:$C$827,'CFT Main'!$C40) -> #REF! | AD37: =SUMIFS(#REF!,'GP Main'!$B$8:$B$827,'CFT Main'!$B40,'GP Main'!$C$8:$C$827,'CFT Main'!$C40) -> #REF! | AE37: =SUMIFS(#REF!,'GP Main'!$B$8:$B$827,'CFT Main'!$B40,'GP Main'!$C$8:$C$827,'CFT Main'!$C40) -> #REF! | AG37: =SUMIFS(#REF!,'GP Main'!$B$8:$B$827,'CFT Main'!$B40,'GP Main'!$C$8:$C$827,'CFT Main'!$C40) -> #REF! | AH37: =SUMIFS(#REF!,'GP Main'!$B$8:$B$827,'CFT Main'!$B40,'GP Main'!$C$8:$C$827,'CFT Main'!$C40) -> #REF! | AI37: =SUMIFS(#REF!,'GP Main'!$B$8:$B$827,'CFT Main'!$B40,'GP Main'!$C$8:$C$827,'CFT Main'!$C40) -> #REF! | AJ37: =SUMIFS(#REF!,'GP Main'!$B$8:$B$827,'CFT Main'!$B40,'GP Main'!$C$8:$C$827,'CFT Main'!$C40) -> #REF! | AK37: =SUMIFS(#REF!,'GP Main'!$B$8:$B$827,'CFT Main'!$B40,'GP Main'!$C$8:$C$827,'CFT Main'!$C40) -> #REF! | AM37: मधु बागरी अति0 | AN37: =COUNTIFS(Work!$D$3:$D$5800,'CFT Main'!$B37,Work!$N$3:$N$5800,'CFT Main'!$C37,Work!$G$3:$G$5800,"Ongoing") -> 43 | AO37: =COUNTIFS(Work!$D$3:$D$5800,'CFT Main'!$B37,Work!$N$3:$N$5800,'CFT Main'!$C37,Work!$G$3:$G$5800,"*Completed") -> 90 | AP37: =COUNTIFS(Work!$D$3:$D$5800,'CFT Main'!$B37,Work!$N$3:$N$5800,'CFT Main'!$C37,Work!$G$3:$G$5800,"Ongoing",Work!$F$3:$F$5800,AP$5) -> 10 | AQ37: =COUNTIFS(Work!$D$3:$D$5800,'CFT Main'!$B37,Work!$N$3:$N$5800,'CFT Main'!$C37,Work!$G$3:$G$5800,"*Completed",Work!$F$3:$F$5800,AP$5) -> 33 | AR37: =COUNTIFS(Work!$D$3:$D$5800,'CFT Main'!$B37,Work!$N$3:$N$5800,'CFT Main'!$C37,Work!$G$3:$G$5800,"Ongoing",Work!$F$3:$F$5800,AR$5) -> 0 | AS37: =COUNTIFS(Work!$D$3:$D$5800,'CFT Main'!$B37,Work!$N$3:$N$5800,'CFT Main'!$C37,Work!$G$3:$G$5800,"*Completed",Work!$F$3:$F$5800,AR$5) -> 26 | AT37: =COUNTIFS(Work!$D$3:$D$5800,'CFT Main'!$B37,Work!$N$3:$N$5800,'CFT Main'!$C37,Work!$G$3:$G$5800,"Ongoing",Work!$F$3:$F$5800,AT$5) -> 2 | AU37: =COUNTIFS(Work!$D$3:$D$5800,'CFT Main'!$B37,Work!$N$3:$N$5800,'CFT Main'!$C37,Work!$G$3:$G$5800,"*Completed",Work!$F$3:$F$5800,AT$5) -> 23 | AV37: =COUNTIFS(Work!$D$3:$D$5800,'CFT Main'!$B37,Work!$N$3:$N$5800,'CFT Main'!$C37,Work!$G$3:$G$5800,"Ongoing",Work!$F$3:$F$5800,AV$5) -> 0 | AW37: =COUNTIFS(Work!$D$3:$D$5800,'CFT Main'!$B37,Work!$N$3:$N$5800,'CFT Main'!$C37,Work!$G$3:$G$5800,"*Completed",Work!$F$3:$F$5800,AV$5) -> 2 | AX37: =COUNTIFS(Work!$D$3:$D$5800,'CFT Main'!$B37,Work!$N$3:$N$5800,'CFT Main'!$C37,Work!$G$3:$G$5800,"Ongoing",Work!$F$3:$F$5800,AX$5) -> 0 | AY37: =COUNTIFS(Work!$D$3:$D$5800,'CFT Main'!$B37,Work!$N$3:$N$5800,'CFT Main'!$C37,Work!$G$3:$G$5800,"*Completed",Work!$F$3:$F$5800,AX$5) -> 5 | AZ37: =COUNTIFS(Work!$D$3:$D$5800,'CFT Main'!$B37,Work!$N$3:$N$5800,'CFT Main'!$C37,Work!$G$3:$G$5800,"Ongoing",Work!$F$3:$F$5800,AZ$5) -> 0 | BA37: =COUNTIFS(Work!$D$3:$D$5800,'CFT Main'!$B37,Work!$N$3:$N$5800,'CFT Main'!$C37,Work!$G$3:$G$5800,"*Completed",Work!$F$3:$F$5800,AZ$5) -> 1 | BB37: =COUNTIFS(Work!$D$3:$D$5800,'CFT Main'!$B37,Work!$N$3:$N$5800,'CFT Main'!$C37,Work!$G$3:$G$5800,"Ongoing",Work!$F$3:$F$5800,BB$5) -> 0 | BC37: =COUNTIFS(Work!$D$3:$D$5800,'CFT Main'!$B37,Work!$N$3:$N$5800,'CFT Main'!$C37,Work!$G$3:$G$5800,"*Completed",Work!$F$3:$F$5800,BB$5) -> 0 | BD37: =COUNTIFS(Work!$D$3:$D$5800,'CFT Main'!$B37,Work!$N$3:$N$5800,'CFT Main'!$C37,Work!$G$3:$G$5800,"Ongoing",Work!$F$3:$F$5800,BD$5) -> 31 | BE37: =COUNTIFS(Work!$D$3:$D$5800,'CFT Main'!$B37,Work!$N$3:$N$5800,'CFT Main'!$C37,Work!$G$3:$G$5800,"*Completed",Work!$F$3:$F$5800,BD$5) -> 0
A38: 32 | B38: NAGOD | C38: SURDAHA KALA | D38: AMIRITI | E38: प्रमोद तिवारी | F38: R.P. Mishra | G38: =SUMIFS(#REF!,'GP Main'!$B$8:$B$827,'CFT Main'!$B38,'GP Main'!$C$8:$C$827,'CFT Main'!$C38) -> #REF! | H38: =SUMIFS(#REF!,'GP Main'!$B$8:$B$827,'CFT Main'!$B38,'GP Main'!$C$8:$C$827,'CFT Main'!$C38) -> #REF! | I38: =SUMIFS(#REF!,'GP Main'!$B$8:$B$827,'CFT Main'!$B38,'GP Main'!$C$8:$C$827,'CFT Main'!$C38) -> #REF! | J38: =SUMIFS(#REF!,'GP Main'!$B$8:$B$827,'CFT Main'!$B38,'GP Main'!$C$8:$C$827,'CFT Main'!$C38) -> #REF! | K38: =SUMIFS(#REF!,'GP Main'!$B$8:$B$827,'CFT Main'!$B38,'GP Main'!$C$8:$C$827,'CFT Main'!$C38) -> #REF! | L38: =SUMIFS(#REF!,'GP Main'!$B$8:$B$827,'CFT Main'!$B38,'GP Main'!$C$8:$C$827,'CFT Main'!$C38) -> #REF! | M38: =SUMIFS(#REF!,'GP Main'!$B$8:$B$827,'CFT Main'!$B38,'GP Main'!$C$8:$C$827,'CFT Main'!$C38) -> #REF! | N38: =SUMIFS(#REF!,'GP Main'!$B$8:$B$827,'CFT Main'!$B38,'GP Main'!$C$8:$C$827,'CFT Main'!$C38) -> #REF! | ... AB38: =SUMIFS(#REF!,'GP Main'!$B$8:$B$827,'CFT Main'!$B38,'GP Main'!$C$8:$C$827,'CFT Main'!$C38) -> #REF! | AD38: =SUMIFS(#REF!,'GP Main'!$B$8:$B$827,'CFT Main'!$B38,'GP Main'!$C$8:$C$827,'CFT Main'!$C38) -> #REF! | AE38: =SUMIFS(#REF!,'GP Main'!$B$8:$B$827,'CFT Main'!$B38,'GP Main'!$C$8:$C$827,'CFT Main'!$C38) -> #REF! | AG38: =SUMIFS(#REF!,'GP Main'!$B$8:$B$827,'CFT Main'!$B38,'GP Main'!$C$8:$C$827,'CFT Main'!$C38) -> #REF! | AH38: =SUMIFS(#REF!,'GP Main'!$B$8:$B$827,'CFT Main'!$B38,'GP Main'!$C$8:$C$827,'CFT Main'!$C38) -> #REF! | AI38: =SUMIFS(#REF!,'GP Main'!$B$8:$B$827,'CFT Main'!$B38,'GP Main'!$C$8:$C$827,'CFT Main'!$C38) -> #REF! | AJ38: =SUMIFS(#REF!,'GP Main'!$B$8:$B$827,'CFT Main'!$B38,'GP Main'!$C$8:$C$827,'CFT Main'!$C38) -> #REF! | AK38: =SUMIFS(#REF!,'GP Main'!$B$8:$B$827,'CFT Main'!$B38,'GP Main'!$C$8:$C$827,'CFT Main'!$C38) -> #REF! | AM38: मधु बागरी अति0 | AN38: =COUNTIFS(Work!$D$3:$D$5800,'CFT Main'!$B38,Work!$N$3:$N$5800,'CFT Main'!$C38,Work!$G$3:$G$5800,"Ongoing") -> 66 | AO38: =COUNTIFS(Work!$D$3:$D$5800,'CFT Main'!$B38,Work!$N$3:$N$5800,'CFT Main'!$C38,Work!$G$3:$G$5800,"*Completed") -> 73 | AP38: =COUNTIFS(Work!$D$3:$D$5800,'CFT Main'!$B38,Work!$N$3:$N$5800,'CFT Main'!$C38,Work!$G$3:$G$5800,"Ongoing",Work!$F$3:$F$5800,AP$5) -> 39 | AQ38: =COUNTIFS(Work!$D$3:$D$5800,'CFT Main'!$B38,Work!$N$3:$N$5800,'CFT Main'!$C38,Work!$G$3:$G$5800,"*Completed",Work!$F$3:$F$5800,AP$5) -> 21 | AR38: =COUNTIFS(Work!$D$3:$D$5800,'CFT Main'!$B38,Work!$N$3:$N$5800,'CFT Main'!$C38,Work!$G$3:$G$5800,"Ongoing",Work!$F$3:$F$5800,AR$5) -> 1 | AS38: =COUNTIFS(Work!$D$3:$D$5800,'CFT Main'!$B38,Work!$N$3:$N$5800,'CFT Main'!$C38,Work!$G$3:$G$5800,"*Completed",Work!$F$3:$F$5800,AR$5) -> 28 | AT38: =COUNTIFS(Work!$D$3:$D$5800,'CFT Main'!$B38,Work!$N$3:$N$5800,'CFT Main'!$C38,Work!$G$3:$G$5800,"Ongoing",Work!$F$3:$F$5800,AT$5) -> 2 | AU38: =COUNTIFS(Work!$D$3:$D$5800,'CFT Main'!$B38,Work!$N$3:$N$5800,'CFT Main'!$C38,Work!$G$3:$G$5800,"*Completed",Work!$F$3:$F$5800,AT$5) -> 17 | AV38: =COUNTIFS(Work!$D$3:$D$5800,'CFT Main'!$B38,Work!$N$3:$N$5800,'CFT Main'!$C38,Work!$G$3:$G$5800,"Ongoing",Work!$F$3:$F$5800,AV$5) -> 0 | AW38: =COUNTIFS(Work!$D$3:$D$5800,'CFT Main'!$B38,Work!$N$3:$N$5800,'CFT Main'!$C38,Work!$G$3:$G$5800,"*Completed",Work!$F$3:$F$5800,AV$5) -> 5 | AX38: =COUNTIFS(Work!$D$3:$D$5800,'CFT Main'!$B38,Work!$N$3:$N$5800,'CFT Main'!$C38,Work!$G$3:$G$5800,"Ongoing",Work!$F$3:$F$5800,AX$5) -> 0 | AY38: =COUNTIFS(Work!$D$3:$D$5800,'CFT Main'!$B38,Work!$N$3:$N$5800,'CFT Main'!$C38,Work!$G$3:$G$5800,"*Completed",Work!$F$3:$F$5800,AX$5) -> 1 | AZ38: =COUNTIFS(Work!$D$3:$D$5800,'CFT Main'!$B38,Work!$N$3:$N$5800,'CFT Main'!$C38,Work!$G$3:$G$5800,"Ongoing",Work!$F$3:$F$5800,AZ$5) -> 0 | BA38: =COUNTIFS(Work!$D$3:$D$5800,'CFT Main'!$B38,Work!$N$3:$N$5800,'CFT Main'!$C38,Work!$G$3:$G$5800,"*Completed",Work!$F$3:$F$5800,AZ$5) -> 1 | BB38: =COUNTIFS(Work!$D$3:$D$5800,'CFT Main'!$B38,Work!$N$3:$N$5800,'CFT Main'!$C38,Work!$G$3:$G$5800,"Ongoing",Work!$F$3:$F$5800,BB$5) -> 0 | BC38: =COUNTIFS(Work!$D$3:$D$5800,'CFT Main'!$B38,Work!$N$3:$N$5800,'CFT Main'!$C38,Work!$G$3:$G$5800,"*Completed",Work!$F$3:$F$5800,BB$5) -> 0 | BD38: =COUNTIFS(Work!$D$3:$D$5800,'CFT Main'!$B38,Work!$N$3:$N$5800,'CFT Main'!$C38,Work!$G$3:$G$5800,"Ongoing",Work!$F$3:$F$5800,BD$5) -> 24 | BE38: =COUNTIFS(Work!$D$3:$D$5800,'CFT Main'!$B38,Work!$N$3:$N$5800,'CFT Main'!$C38,Work!$G$3:$G$5800,"*Completed",Work!$F$3:$F$5800,BD$5) -> 0
A39: 33 | B39: RAMNAGAR | C39: JIGNA | D39: AKAUREE | E39: संजय गुप्ता | F39: R.P. Mishra | G39: =SUMIFS(#REF!,'GP Main'!$B$8:$B$827,'CFT Main'!$B36,'GP Main'!$C$8:$C$827,'CFT Main'!$C36) -> #REF! | H39: =SUMIFS(#REF!,'GP Main'!$B$8:$B$827,'CFT Main'!$B36,'GP Main'!$C$8:$C$827,'CFT Main'!$C36) -> #REF! | I39: =SUMIFS(#REF!,'GP Main'!$B$8:$B$827,'CFT Main'!$B36,'GP Main'!$C$8:$C$827,'CFT Main'!$C36) -> #REF! | J39: =SUMIFS(#REF!,'GP Main'!$B$8:$B$827,'CFT Main'!$B36,'GP Main'!$C$8:$C$827,'CFT Main'!$C36) -> #REF! | K39: =SUMIFS(#REF!,'GP Main'!$B$8:$B$827,'CFT Main'!$B36,'GP Main'!$C$8:$C$827,'CFT Main'!$C36) -> #REF! | L39: =SUMIFS(#REF!,'GP Main'!$B$8:$B$827,'CFT Main'!$B36,'GP Main'!$C$8:$C$827,'CFT Main'!$C36) -> #REF! | M39: =SUMIFS(#REF!,'GP Main'!$B$8:$B$827,'CFT Main'!$B36,'GP Main'!$C$8:$C$827,'CFT Main'!$C36) -> #REF! | N39: =SUMIFS(#REF!,'GP Main'!$B$8:$B$827,'CFT Main'!$B36,'GP Main'!$C$8:$C$827,'CFT Main'!$C36) -> #REF! | ... AB39: =SUMIFS(#REF!,'GP Main'!$B$8:$B$827,'CFT Main'!$B36,'GP Main'!$C$8:$C$827,'CFT Main'!$C36) -> #REF! | AD39: =SUMIFS(#REF!,'GP Main'!$B$8:$B$827,'CFT Main'!$B36,'GP Main'!$C$8:$C$827,'CFT Main'!$C36) -> #REF! | AE39: =SUMIFS(#REF!,'GP Main'!$B$8:$B$827,'CFT Main'!$B36,'GP Main'!$C$8:$C$827,'CFT Main'!$C36) -> #REF! | AG39: =SUMIFS(#REF!,'GP Main'!$B$8:$B$827,'CFT Main'!$B36,'GP Main'!$C$8:$C$827,'CFT Main'!$C36) -> #REF! | AH39: =SUMIFS(#REF!,'GP Main'!$B$8:$B$827,'CFT Main'!$B36,'GP Main'!$C$8:$C$827,'CFT Main'!$C36) -> #REF! | AI39: =SUMIFS(#REF!,'GP Main'!$B$8:$B$827,'CFT Main'!$B36,'GP Main'!$C$8:$C$827,'CFT Main'!$C36) -> #REF! | AJ39: =SUMIFS(#REF!,'GP Main'!$B$8:$B$827,'CFT Main'!$B36,'GP Main'!$C$8:$C$827,'CFT Main'!$C36) -> #REF! | AK39: =SUMIFS(#REF!,'GP Main'!$B$8:$B$827,'CFT Main'!$B36,'GP Main'!$C$8:$C$827,'CFT Main'!$C36) -> #REF! | AM39: भूपेन्द्र सिंह | AN39: =COUNTIFS(Work!$D$3:$D$5800,'CFT Main'!$B39,Work!$N$3:$N$5800,'CFT Main'!$C39,Work!$G$3:$G$5800,"Ongoing") -> 43 | AO39: =COUNTIFS(Work!$D$3:$D$5800,'CFT Main'!$B39,Work!$N$3:$N$5800,'CFT Main'!$C39,Work!$G$3:$G$5800,"*Completed") -> 46 | AP39: =COUNTIFS(Work!$D$3:$D$5800,'CFT Main'!$B39,Work!$N$3:$N$5800,'CFT Main'!$C39,Work!$G$3:$G$5800,"Ongoing",Work!$F$3:$F$5800,AP$5) -> 18 | AQ39: =COUNTIFS(Work!$D$3:$D$5800,'CFT Main'!$B39,Work!$N$3:$N$5800,'CFT Main'!$C39,Work!$G$3:$G$5800,"*Completed",Work!$F$3:$F$5800,AP$5) -> 31 | AR39: =COUNTIFS(Work!$D$3:$D$5800,'CFT Main'!$B39,Work!$N$3:$N$5800,'CFT Main'!$C39,Work!$G$3:$G$5800,"Ongoing",Work!$F$3:$F$5800,AR$5) -> 0 | AS39: =COUNTIFS(Work!$D$3:$D$5800,'CFT Main'!$B39,Work!$N$3:$N$5800,'CFT Main'!$C39,Work!$G$3:$G$5800,"*Completed",Work!$F$3:$F$5800,AR$5) -> 12 | AT39: =COUNTIFS(Work!$D$3:$D$5800,'CFT Main'!$B39,Work!$N$3:$N$5800,'CFT Main'!$C39,Work!$G$3:$G$5800,"Ongoing",Work!$F$3:$F$5800,AT$5) -> 0 | AU39: =COUNTIFS(Work!$D$3:$D$5800,'CFT Main'!$B39,Work!$N$3:$N$5800,'CFT Main'!$C39,Work!$G$3:$G$5800,"*Completed",Work!$F$3:$F$5800,AT$5) -> 3 | AV39: =COUNTIFS(Work!$D$3:$D$5800,'CFT Main'!$B39,Work!$N$3:$N$5800,'CFT Main'!$C39,Work!$G$3:$G$5800,"Ongoing",Work!$F$3:$F$5800,AV$5) -> 0 | AW39: =COUNTIFS(Work!$D$3:$D$5800,'CFT Main'!$B39,Work!$N$3:$N$5800,'CFT Main'!$C39,Work!$G$3:$G$5800,"*Completed",Work!$F$3:$F$5800,AV$5) -> 0 | AX39: =COUNTIFS(Work!$D$3:$D$5800,'CFT Main'!$B39,Work!$N$3:$N$5800,'CFT Main'!$C39,Work!$G$3:$G$5800,"Ongoing",Work!$F$3:$F$5800,AX$5) -> 0 | AY39: =COUNTIFS(Work!$D$3:$D$5800,'CFT Main'!$B39,Work!$N$3:$N$5800,'CFT Main'!$C39,Work!$G$3:$G$5800,"*Completed",Work!$F$3:$F$5800,AX$5) -> 0 | AZ39: =COUNTIFS(Work!$D$3:$D$5800,'CFT Main'!$B39,Work!$N$3:$N$5800,'CFT Main'!$C39,Work!$G$3:$G$5800,"Ongoing",Work!$F$3:$F$5800,AZ$5) -> 0 | BA39: =COUNTIFS(Work!$D$3:$D$5800,'CFT Main'!$B39,Work!$N$3:$N$5800,'CFT Main'!$C39,Work!$G$3:$G$5800,"*Completed",Work!$F$3:$F$5800,AZ$5) -> 0 | BB39: =COUNTIFS(Work!$D$3:$D$5800,'CFT Main'!$B39,Work!$N$3:$N$5800,'CFT Main'!$C39,Work!$G$3:$G$5800,"Ongoing",Work!$F$3:$F$5800,BB$5) -> 0 | BC39: =COUNTIFS(Work!$D$3:$D$5800,'CFT Main'!$B39,Work!$N$3:$N$5800,'CFT Main'!$C39,Work!$G$3:$G$5800,"*Completed",Work!$F$3:$F$5800,BB$5) -> 0 | BD39: =COUNTIFS(Work!$D$3:$D$5800,'CFT Main'!$B39,Work!$N$3:$N$5800,'CFT Main'!$C39,Work!$G$3:$G$5800,"Ongoing",Work!$F$3:$F$5800,BD$5) -> 25 | BE39: =COUNTIFS(Work!$D$3:$D$5800,'CFT Main'!$B39,Work!$N$3:$N$5800,'CFT Main'!$C39,Work!$G$3:$G$5800,"*Completed",Work!$F$3:$F$5800,BD$5) -> 0
A40: 34 | B40: RAMNAGAR | C40: GORSARI | D40: ALAUHA | E40: श्रीमती साधना सिंह | F40: R.P. Mishra | G40: =SUMIFS(#REF!,'GP Main'!$B$8:$B$827,'CFT Main'!$B37,'GP Main'!$C$8:$C$827,'CFT Main'!$C37) -> #REF! | H40: =SUMIFS(#REF!,'GP Main'!$B$8:$B$827,'CFT Main'!$B37,'GP Main'!$C$8:$C$827,'CFT Main'!$C37) -> #REF! | I40: =SUMIFS(#REF!,'GP Main'!$B$8:$B$827,'CFT Main'!$B37,'GP Main'!$C$8:$C$827,'CFT Main'!$C37) -> #REF! | J40: =SUMIFS(#REF!,'GP Main'!$B$8:$B$827,'CFT Main'!$B37,'GP Main'!$C$8:$C$827,'CFT Main'!$C37) -> #REF! | K40: =SUMIFS(#REF!,'GP Main'!$B$8:$B$827,'CFT Main'!$B37,'GP Main'!$C$8:$C$827,'CFT Main'!$C37) -> #REF! | L40: =SUMIFS(#REF!,'GP Main'!$B$8:$B$827,'CFT Main'!$B37,'GP Main'!$C$8:$C$827,'CFT Main'!$C37) -> #REF! | M40: =SUMIFS(#REF!,'GP Main'!$B$8:$B$827,'CFT Main'!$B37,'GP Main'!$C$8:$C$827,'CFT Main'!$C37) -> #REF! | N40: =SUMIFS(#REF!,'GP Main'!$B$8:$B$827,'CFT Main'!$B37,'GP Main'!$C$8:$C$827,'CFT Main'!$C37) -> #REF! | ... AB40: =SUMIFS(#REF!,'GP Main'!$B$8:$B$827,'CFT Main'!$B37,'GP Main'!$C$8:$C$827,'CFT Main'!$C37) -> #REF! | AD40: =SUMIFS(#REF!,'GP Main'!$B$8:$B$827,'CFT Main'!$B37,'GP Main'!$C$8:$C$827,'CFT Main'!$C37) -> #REF! | AE40: =SUMIFS(#REF!,'GP Main'!$B$8:$B$827,'CFT Main'!$B37,'GP Main'!$C$8:$C$827,'CFT Main'!$C37) -> #REF! | AG40: =SUMIFS(#REF!,'GP Main'!$B$8:$B$827,'CFT Main'!$B37,'GP Main'!$C$8:$C$827,'CFT Main'!$C37) -> #REF! | AH40: =SUMIFS(#REF!,'GP Main'!$B$8:$B$827,'CFT Main'!$B37,'GP Main'!$C$8:$C$827,'CFT Main'!$C37) -> #REF! | AI40: =SUMIFS(#REF!,'GP Main'!$B$8:$B$827,'CFT Main'!$B37,'GP Main'!$C$8:$C$827,'CFT Main'!$C37) -> #REF! | AJ40: =SUMIFS(#REF!,'GP Main'!$B$8:$B$827,'CFT Main'!$B37,'GP Main'!$C$8:$C$827,'CFT Main'!$C37) -> #REF! | AK40: =SUMIFS(#REF!,'GP Main'!$B$8:$B$827,'CFT Main'!$B37,'GP Main'!$C$8:$C$827,'CFT Main'!$C37) -> #REF! | AM40: भूपेन्द्र सिंह | AN40: =COUNTIFS(Work!$D$3:$D$5800,'CFT Main'!$B40,Work!$N$3:$N$5800,'CFT Main'!$C40,Work!$G$3:$G$5800,"Ongoing") -> 45 | AO40: =COUNTIFS(Work!$D$3:$D$5800,'CFT Main'!$B40,Work!$N$3:$N$5800,'CFT Main'!$C40,Work!$G$3:$G$5800,"*Completed") -> 59 | AP40: =COUNTIFS(Work!$D$3:$D$5800,'CFT Main'!$B40,Work!$N$3:$N$5800,'CFT Main'!$C40,Work!$G$3:$G$5800,"Ongoing",Work!$F$3:$F$5800,AP$5) -> 3 | AQ40: =COUNTIFS(Work!$D$3:$D$5800,'CFT Main'!$B40,Work!$N$3:$N$5800,'CFT Main'!$C40,Work!$G$3:$G$5800,"*Completed",Work!$F$3:$F$5800,AP$5) -> 35 | AR40: =COUNTIFS(Work!$D$3:$D$5800,'CFT Main'!$B40,Work!$N$3:$N$5800,'CFT Main'!$C40,Work!$G$3:$G$5800,"Ongoing",Work!$F$3:$F$5800,AR$5) -> 0 | AS40: =COUNTIFS(Work!$D$3:$D$5800,'CFT Main'!$B40,Work!$N$3:$N$5800,'CFT Main'!$C40,Work!$G$3:$G$5800,"*Completed",Work!$F$3:$F$5800,AR$5) -> 22 | AT40: =COUNTIFS(Work!$D$3:$D$5800,'CFT Main'!$B40,Work!$N$3:$N$5800,'CFT Main'!$C40,Work!$G$3:$G$5800,"Ongoing",Work!$F$3:$F$5800,AT$5) -> 0 | AU40: =COUNTIFS(Work!$D$3:$D$5800,'CFT Main'!$B40,Work!$N$3:$N$5800,'CFT Main'!$C40,Work!$G$3:$G$5800,"*Completed",Work!$F$3:$F$5800,AT$5) -> 2 | AV40: =COUNTIFS(Work!$D$3:$D$5800,'CFT Main'!$B40,Work!$N$3:$N$5800,'CFT Main'!$C40,Work!$G$3:$G$5800,"Ongoing",Work!$F$3:$F$5800,AV$5) -> 0 | AW40: =COUNTIFS(Work!$D$3:$D$5800,'CFT Main'!$B40,Work!$N$3:$N$5800,'CFT Main'!$C40,Work!$G$3:$G$5800,"*Completed",Work!$F$3:$F$5800,AV$5) -> 0 | AX40: =COUNTIFS(Work!$D$3:$D$5800,'CFT Main'!$B40,Work!$N$3:$N$5800,'CFT Main'!$C40,Work!$G$3:$G$5800,"Ongoing",Work!$F$3:$F$5800,AX$5) -> 0 | AY40: =COUNTIFS(Work!$D$3:$D$5800,'CFT Main'!$B40,Work!$N$3:$N$5800,'CFT Main'!$C40,Work!$G$3:$G$5800,"*Completed",Work!$F$3:$F$5800,AX$5) -> 0 | AZ40: =COUNTIFS(Work!$D$3:$D$5800,'CFT Main'!$B40,Work!$N$3:$N$5800,'CFT Main'!$C40,Work!$G$3:$G$5800,"Ongoing",Work!$F$3:$F$5800,AZ$5) -> 0 | BA40: =COUNTIFS(Work!$D$3:$D$5800,'CFT Main'!$B40,Work!$N$3:$N$5800,'CFT Main'!$C40,Work!$G$3:$G$5800,"*Completed",Work!$F$3:$F$5800,AZ$5) -> 0 | BB40: =COUNTIFS(Work!$D$3:$D$5800,'CFT Main'!$B40,Work!$N$3:$N$5800,'CFT Main'!$C40,Work!$G$3:$G$5800,"Ongoing",Work!$F$3:$F$5800,BB$5) -> 0 | BC40: =COUNTIFS(Work!$D$3:$D$5800,'CFT Main'!$B40,Work!$N$3:$N$5800,'CFT Main'!$C40,Work!$G$3:$G$5800,"*Completed",Work!$F$3:$F$5800,BB$5) -> 0 | BD40: =COUNTIFS(Work!$D$3:$D$5800,'CFT Main'!$B40,Work!$N$3:$N$5800,'CFT Main'!$C40,Work!$G$3:$G$5800,"Ongoing",Work!$F$3:$F$5800,BD$5) -> 42 | BE40: =COUNTIFS(Work!$D$3:$D$5800,'CFT Main'!$B40,Work!$N$3:$N$5800,'CFT Main'!$C40,Work!$G$3:$G$5800,"*Completed",Work!$F$3:$F$5800,BD$5) -> 0
A41: 35 | B41: RAMNAGAR | C41: BADAITMA | D41: BADAUAA | E41: अनिल पाण्डेय | F41: R.P. Mishra | G41: =SUMIFS(#REF!,'GP Main'!$B$8:$B$827,'CFT Main'!$B39,'GP Main'!$C$8:$C$827,'CFT Main'!$C39) -> #REF! | H41: =SUMIFS(#REF!,'GP Main'!$B$8:$B$827,'CFT Main'!$B39,'GP Main'!$C$8:$C$827,'CFT Main'!$C39) -> #REF! | I41: =SUMIFS(#REF!,'GP Main'!$B$8:$B$827,'CFT Main'!$B39,'GP Main'!$C$8:$C$827,'CFT Main'!$C39) -> #REF! | J41: =SUMIFS(#REF!,'GP Main'!$B$8:$B$827,'CFT Main'!$B39,'GP Main'!$C$8:$C$827,'CFT Main'!$C39) -> #REF! | K41: =SUMIFS(#REF!,'GP Main'!$B$8:$B$827,'CFT Main'!$B39,'GP Main'!$C$8:$C$827,'CFT Main'!$C39) -> #REF! | L41: =SUMIFS(#REF!,'GP Main'!$B$8:$B$827,'CFT Main'!$B39,'GP Main'!$C$8:$C$827,'CFT Main'!$C39) -> #REF! | M41: =SUMIFS(#REF!,'GP Main'!$B$8:$B$827,'CFT Main'!$B39,'GP Main'!$C$8:$C$827,'CFT Main'!$C39) -> #REF! | N41: =SUMIFS(#REF!,'GP Main'!$B$8:$B$827,'CFT Main'!$B39,'GP Main'!$C$8:$C$827,'CFT Main'!$C39) -> #REF! | ... AB41: =SUMIFS(#REF!,'GP Main'!$B$8:$B$827,'CFT Main'!$B39,'GP Main'!$C$8:$C$827,'CFT Main'!$C39) -> #REF! | AD41: =SUMIFS(#REF!,'GP Main'!$B$8:$B$827,'CFT Main'!$B39,'GP Main'!$C$8:$C$827,'CFT Main'!$C39) -> #REF! | AE41: =SUMIFS(#REF!,'GP Main'!$B$8:$B$827,'CFT Main'!$B39,'GP Main'!$C$8:$C$827,'CFT Main'!$C39) -> #REF! | AG41: =SUMIFS(#REF!,'GP Main'!$B$8:$B$827,'CFT Main'!$B39,'GP Main'!$C$8:$C$827,'CFT Main'!$C39) -> #REF! | AH41: =SUMIFS(#REF!,'GP Main'!$B$8:$B$827,'CFT Main'!$B39,'GP Main'!$C$8:$C$827,'CFT Main'!$C39) -> #REF! | AI41: =SUMIFS(#REF!,'GP Main'!$B$8:$B$827,'CFT Main'!$B39,'GP Main'!$C$8:$C$827,'CFT Main'!$C39) -> #REF! | AJ41: =SUMIFS(#REF!,'GP Main'!$B$8:$B$827,'CFT Main'!$B39,'GP Main'!$C$8:$C$827,'CFT Main'!$C39) -> #REF! | AK41: =SUMIFS(#REF!,'GP Main'!$B$8:$B$827,'CFT Main'!$B39,'GP Main'!$C$8:$C$827,'CFT Main'!$C39) -> #REF! | AM41: भूपेन्द्र सिंह | AN41: =COUNTIFS(Work!$D$3:$D$5800,'CFT Main'!$B41,Work!$N$3:$N$5800,'CFT Main'!$C41,Work!$G$3:$G$5800,"Ongoing") -> 76 | AO41: =COUNTIFS(Work!$D$3:$D$5800,'CFT Main'!$B41,Work!$N$3:$N$5800,'CFT Main'!$C41,Work!$G$3:$G$5800,"*Completed") -> 54 | AP41: =COUNTIFS(Work!$D$3:$D$5800,'CFT Main'!$B41,Work!$N$3:$N$5800,'CFT Main'!$C41,Work!$G$3:$G$5800,"Ongoing",Work!$F$3:$F$5800,AP$5) -> 29 | AQ41: =COUNTIFS(Work!$D$3:$D$5800,'CFT Main'!$B41,Work!$N$3:$N$5800,'CFT Main'!$C41,Work!$G$3:$G$5800,"*Completed",Work!$F$3:$F$5800,AP$5) -> 14 | AR41: =COUNTIFS(Work!$D$3:$D$5800,'CFT Main'!$B41,Work!$N$3:$N$5800,'CFT Main'!$C41,Work!$G$3:$G$5800,"Ongoing",Work!$F$3:$F$5800,AR$5) -> 0 | AS41: =COUNTIFS(Work!$D$3:$D$5800,'CFT Main'!$B41,Work!$N$3:$N$5800,'CFT Main'!$C41,Work!$G$3:$G$5800,"*Completed",Work!$F$3:$F$5800,AR$5) -> 38 | AT41: =COUNTIFS(Work!$D$3:$D$5800,'CFT Main'!$B41,Work!$N$3:$N$5800,'CFT Main'!$C41,Work!$G$3:$G$5800,"Ongoing",Work!$F$3:$F$5800,AT$5) -> 0 | AU41: =COUNTIFS(Work!$D$3:$D$5800,'CFT Main'!$B41,Work!$N$3:$N$5800,'CFT Main'!$C41,Work!$G$3:$G$5800,"*Completed",Work!$F$3:$F$5800,AT$5) -> 1 | AV41: =COUNTIFS(Work!$D$3:$D$5800,'CFT Main'!$B41,Work!$N$3:$N$5800,'CFT Main'!$C41,Work!$G$3:$G$5800,"Ongoing",Work!$F$3:$F$5800,AV$5) -> 0 | AW41: =COUNTIFS(Work!$D$3:$D$5800,'CFT Main'!$B41,Work!$N$3:$N$5800,'CFT Main'!$C41,Work!$G$3:$G$5800,"*Completed",Work!$F$3:$F$5800,AV$5) -> 1 | AX41: =COUNTIFS(Work!$D$3:$D$5800,'CFT Main'!$B41,Work!$N$3:$N$5800,'CFT Main'!$C41,Work!$G$3:$G$5800,"Ongoing",Work!$F$3:$F$5800,AX$5) -> 0 | AY41: =COUNTIFS(Work!$D$3:$D$5800,'CFT Main'!$B41,Work!$N$3:$N$5800,'CFT Main'!$C41,Work!$G$3:$G$5800,"*Completed",Work!$F$3:$F$5800,AX$5) -> 0 | AZ41: =COUNTIFS(Work!$D$3:$D$5800,'CFT Main'!$B41,Work!$N$3:$N$5800,'CFT Main'!$C41,Work!$G$3:$G$5800,"Ongoing",Work!$F$3:$F$5800,AZ$5) -> 0 | BA41: =COUNTIFS(Work!$D$3:$D$5800,'CFT Main'!$B41,Work!$N$3:$N$5800,'CFT Main'!$C41,Work!$G$3:$G$5800,"*Completed",Work!$F$3:$F$5800,AZ$5) -> 0 | BB41: =COUNTIFS(Work!$D$3:$D$5800,'CFT Main'!$B41,Work!$N$3:$N$5800,'CFT Main'!$C41,Work!$G$3:$G$5800,"Ongoing",Work!$F$3:$F$5800,BB$5) -> 0 | BC41: =COUNTIFS(Work!$D$3:$D$5800,'CFT Main'!$B41,Work!$N$3:$N$5800,'CFT Main'!$C41,Work!$G$3:$G$5800,"*Completed",Work!$F$3:$F$5800,BB$5) -> 0 | BD41: =COUNTIFS(Work!$D$3:$D$5800,'CFT Main'!$B41,Work!$N$3:$N$5800,'CFT Main'!$C41,Work!$G$3:$G$5800,"Ongoing",Work!$F$3:$F$5800,BD$5) -> 47 | BE41: =COUNTIFS(Work!$D$3:$D$5800,'CFT Main'!$B41,Work!$N$3:$N$5800,'CFT Main'!$C41,Work!$G$3:$G$5800,"*Completed",Work!$F$3:$F$5800,BD$5) -> 0
A42: 36 | B42: RAMNAGAR | C42: MURTIHAI | D42: AMILIYA | E42: ब्रिजेश सिंह | F42: Manisha Mishra | G42: =SUMIFS(#REF!,'GP Main'!$B$8:$B$827,'CFT Main'!$B46,'GP Main'!$C$8:$C$827,'CFT Main'!$C46) -> #REF! | H42: =SUMIFS(#REF!,'GP Main'!$B$8:$B$827,'CFT Main'!$B46,'GP Main'!$C$8:$C$827,'CFT Main'!$C46) -> #REF! | I42: =SUMIFS(#REF!,'GP Main'!$B$8:$B$827,'CFT Main'!$B46,'GP Main'!$C$8:$C$827,'CFT Main'!$C46) -> #REF! | J42: =SUMIFS(#REF!,'GP Main'!$B$8:$B$827,'CFT Main'!$B46,'GP Main'!$C$8:$C$827,'CFT Main'!$C46) -> #REF! | K42: =SUMIFS(#REF!,'GP Main'!$B$8:$B$827,'CFT Main'!$B46,'GP Main'!$C$8:$C$827,'CFT Main'!$C46) -> #REF! | L42: =SUMIFS(#REF!,'GP Main'!$B$8:$B$827,'CFT Main'!$B46,'GP Main'!$C$8:$C$827,'CFT Main'!$C46) -> #REF! | M42: =SUMIFS(#REF!,'GP Main'!$B$8:$B$827,'CFT Main'!$B46,'GP Main'!$C$8:$C$827,'CFT Main'!$C46) -> #REF! | N42: =SUMIFS(#REF!,'GP Main'!$B$8:$B$827,'CFT Main'!$B46,'GP Main'!$C$8:$C$827,'CFT Main'!$C46) -> #REF! | ... AB42: =SUMIFS(#REF!,'GP Main'!$B$8:$B$827,'CFT Main'!$B46,'GP Main'!$C$8:$C$827,'CFT Main'!$C46) -> #REF! | AD42: =SUMIFS(#REF!,'GP Main'!$B$8:$B$827,'CFT Main'!$B46,'GP Main'!$C$8:$C$827,'CFT Main'!$C46) -> #REF! | AE42: =SUMIFS(#REF!,'GP Main'!$B$8:$B$827,'CFT Main'!$B46,'GP Main'!$C$8:$C$827,'CFT Main'!$C46) -> #REF! | AG42: =SUMIFS(#REF!,'GP Main'!$B$8:$B$827,'CFT Main'!$B46,'GP Main'!$C$8:$C$827,'CFT Main'!$C46) -> #REF! | AH42: =SUMIFS(#REF!,'GP Main'!$B$8:$B$827,'CFT Main'!$B46,'GP Main'!$C$8:$C$827,'CFT Main'!$C46) -> #REF! | AI42: =SUMIFS(#REF!,'GP Main'!$B$8:$B$827,'CFT Main'!$B46,'GP Main'!$C$8:$C$827,'CFT Main'!$C46) -> #REF! | AJ42: =SUMIFS(#REF!,'GP Main'!$B$8:$B$827,'CFT Main'!$B46,'GP Main'!$C$8:$C$827,'CFT Main'!$C46) -> #REF! | AK42: =SUMIFS(#REF!,'GP Main'!$B$8:$B$827,'CFT Main'!$B46,'GP Main'!$C$8:$C$827,'CFT Main'!$C46) -> #REF! | AM42: भूपेन्द्र सिंह | AN42: =COUNTIFS(Work!$D$3:$D$5800,'CFT Main'!$B42,Work!$N$3:$N$5800,'CFT Main'!$C42,Work!$G$3:$G$5800,"Ongoing") -> 57 | AO42: =COUNTIFS(Work!$D$3:$D$5800,'CFT Main'!$B42,Work!$N$3:$N$5800,'CFT Main'!$C42,Work!$G$3:$G$5800,"*Completed") -> 42 | AP42: =COUNTIFS(Work!$D$3:$D$5800,'CFT Main'!$B42,Work!$N$3:$N$5800,'CFT Main'!$C42,Work!$G$3:$G$5800,"Ongoing",Work!$F$3:$F$5800,AP$5) -> 19 | AQ42: =COUNTIFS(Work!$D$3:$D$5800,'CFT Main'!$B42,Work!$N$3:$N$5800,'CFT Main'!$C42,Work!$G$3:$G$5800,"*Completed",Work!$F$3:$F$5800,AP$5) -> 24 | AR42: =COUNTIFS(Work!$D$3:$D$5800,'CFT Main'!$B42,Work!$N$3:$N$5800,'CFT Main'!$C42,Work!$G$3:$G$5800,"Ongoing",Work!$F$3:$F$5800,AR$5) -> 0 | AS42: =COUNTIFS(Work!$D$3:$D$5800,'CFT Main'!$B42,Work!$N$3:$N$5800,'CFT Main'!$C42,Work!$G$3:$G$5800,"*Completed",Work!$F$3:$F$5800,AR$5) -> 12 | AT42: =COUNTIFS(Work!$D$3:$D$5800,'CFT Main'!$B42,Work!$N$3:$N$5800,'CFT Main'!$C42,Work!$G$3:$G$5800,"Ongoing",Work!$F$3:$F$5800,AT$5) -> 0 | AU42: =COUNTIFS(Work!$D$3:$D$5800,'CFT Main'!$B42,Work!$N$3:$N$5800,'CFT Main'!$C42,Work!$G$3:$G$5800,"*Completed",Work!$F$3:$F$5800,AT$5) -> 2 | AV42: =COUNTIFS(Work!$D$3:$D$5800,'CFT Main'!$B42,Work!$N$3:$N$5800,'CFT Main'!$C42,Work!$G$3:$G$5800,"Ongoing",Work!$F$3:$F$5800,AV$5) -> 0 | AW42: =COUNTIFS(Work!$D$3:$D$5800,'CFT Main'!$B42,Work!$N$3:$N$5800,'CFT Main'!$C42,Work!$G$3:$G$5800,"*Completed",Work!$F$3:$F$5800,AV$5) -> 0 | AX42: =COUNTIFS(Work!$D$3:$D$5800,'CFT Main'!$B42,Work!$N$3:$N$5800,'CFT Main'!$C42,Work!$G$3:$G$5800,"Ongoing",Work!$F$3:$F$5800,AX$5) -> 0 | AY42: =COUNTIFS(Work!$D$3:$D$5800,'CFT Main'!$B42,Work!$N$3:$N$5800,'CFT Main'!$C42,Work!$G$3:$G$5800,"*Completed",Work!$F$3:$F$5800,AX$5) -> 2 | AZ42: =COUNTIFS(Work!$D$3:$D$5800,'CFT Main'!$B42,Work!$N$3:$N$5800,'CFT Main'!$C42,Work!$G$3:$G$5800,"Ongoing",Work!$F$3:$F$5800,AZ$5) -> 0 | BA42: =COUNTIFS(Work!$D$3:$D$5800,'CFT Main'!$B42,Work!$N$3:$N$5800,'CFT Main'!$C42,Work!$G$3:$G$5800,"*Completed",Work!$F$3:$F$5800,AZ$5) -> 2 | BB42: =COUNTIFS(Work!$D$3:$D$5800,'CFT Main'!$B42,Work!$N$3:$N$5800,'CFT Main'!$C42,Work!$G$3:$G$5800,"Ongoing",Work!$F$3:$F$5800,BB$5) -> 0 | BC42: =COUNTIFS(Work!$D$3:$D$5800,'CFT Main'!$B42,Work!$N$3:$N$5800,'CFT Main'!$C42,Work!$G$3:$G$5800,"*Completed",Work!$F$3:$F$5800,BB$5) -> 0 | BD42: =COUNTIFS(Work!$D$3:$D$5800,'CFT Main'!$B42,Work!$N$3:$N$5800,'CFT Main'!$C42,Work!$G$3:$G$5800,"Ongoing",Work!$F$3:$F$5800,BD$5) -> 38 | BE42: =COUNTIFS(Work!$D$3:$D$5800,'CFT Main'!$B42,Work!$N$3:$N$5800,'CFT Main'!$C42,Work!$G$3:$G$5800,"*Completed",Work!$F$3:$F$5800,BD$5) -> 0
A43: 37 | B43: RAMNAGAR | C43: GANGASAGAR | D43: AHIRGAON | E43: राजाराम चंदेल | F43: Manisha Mishra | G43: =SUMIFS(#REF!,'GP Main'!$B$8:$B$827,'CFT Main'!$B42,'GP Main'!$C$8:$C$827,'CFT Main'!$C42) -> #REF! | H43: =SUMIFS(#REF!,'GP Main'!$B$8:$B$827,'CFT Main'!$B42,'GP Main'!$C$8:$C$827,'CFT Main'!$C42) -> #REF! | I43: =SUMIFS(#REF!,'GP Main'!$B$8:$B$827,'CFT Main'!$B42,'GP Main'!$C$8:$C$827,'CFT Main'!$C42) -> #REF! | J43: =SUMIFS(#REF!,'GP Main'!$B$8:$B$827,'CFT Main'!$B42,'GP Main'!$C$8:$C$827,'CFT Main'!$C42) -> #REF! | K43: =SUMIFS(#REF!,'GP Main'!$B$8:$B$827,'CFT Main'!$B42,'GP Main'!$C$8:$C$827,'CFT Main'!$C42) -> #REF! | L43: =SUMIFS(#REF!,'GP Main'!$B$8:$B$827,'CFT Main'!$B42,'GP Main'!$C$8:$C$827,'CFT Main'!$C42) -> #REF! | M43: =SUMIFS(#REF!,'GP Main'!$B$8:$B$827,'CFT Main'!$B42,'GP Main'!$C$8:$C$827,'CFT Main'!$C42) -> #REF! | N43: =SUMIFS(#REF!,'GP Main'!$B$8:$B$827,'CFT Main'!$B42,'GP Main'!$C$8:$C$827,'CFT Main'!$C42) -> #REF! | ... AB43: =SUMIFS(#REF!,'GP Main'!$B$8:$B$827,'CFT Main'!$B42,'GP Main'!$C$8:$C$827,'CFT Main'!$C42) -> #REF! | AD43: =SUMIFS(#REF!,'GP Main'!$B$8:$B$827,'CFT Main'!$B42,'GP Main'!$C$8:$C$827,'CFT Main'!$C42) -> #REF! | AE43: =SUMIFS(#REF!,'GP Main'!$B$8:$B$827,'CFT Main'!$B42,'GP Main'!$C$8:$C$827,'CFT Main'!$C42) -> #REF! | AG43: =SUMIFS(#REF!,'GP Main'!$B$8:$B$827,'CFT Main'!$B42,'GP Main'!$C$8:$C$827,'CFT Main'!$C42) -> #REF! | AH43: =SUMIFS(#REF!,'GP Main'!$B$8:$B$827,'CFT Main'!$B42,'GP Main'!$C$8:$C$827,'CFT Main'!$C42) -> #REF! | AI43: =SUMIFS(#REF!,'GP Main'!$B$8:$B$827,'CFT Main'!$B42,'GP Main'!$C$8:$C$827,'CFT Main'!$C42) -> #REF! | AJ43: =SUMIFS(#REF!,'GP Main'!$B$8:$B$827,'CFT Main'!$B42,'GP Main'!$C$8:$C$827,'CFT Main'!$C42) -> #REF! | AK43: =SUMIFS(#REF!,'GP Main'!$B$8:$B$827,'CFT Main'!$B42,'GP Main'!$C$8:$C$827,'CFT Main'!$C42) -> #REF! | AM43: भूपेन्द्र सिंह | AN43: =COUNTIFS(Work!$D$3:$D$5800,'CFT Main'!$B43,Work!$N$3:$N$5800,'CFT Main'!$C43,Work!$G$3:$G$5800,"Ongoing") -> 48 | AO43: =COUNTIFS(Work!$D$3:$D$5800,'CFT Main'!$B43,Work!$N$3:$N$5800,'CFT Main'!$C43,Work!$G$3:$G$5800,"*Completed") -> 65 | AP43: =COUNTIFS(Work!$D$3:$D$5800,'CFT Main'!$B43,Work!$N$3:$N$5800,'CFT Main'!$C43,Work!$G$3:$G$5800,"Ongoing",Work!$F$3:$F$5800,AP$5) -> 14 | AQ43: =COUNTIFS(Work!$D$3:$D$5800,'CFT Main'!$B43,Work!$N$3:$N$5800,'CFT Main'!$C43,Work!$G$3:$G$5800,"*Completed",Work!$F$3:$F$5800,AP$5) -> 33 | AR43: =COUNTIFS(Work!$D$3:$D$5800,'CFT Main'!$B43,Work!$N$3:$N$5800,'CFT Main'!$C43,Work!$G$3:$G$5800,"Ongoing",Work!$F$3:$F$5800,AR$5) -> 0 | AS43: =COUNTIFS(Work!$D$3:$D$5800,'CFT Main'!$B43,Work!$N$3:$N$5800,'CFT Main'!$C43,Work!$G$3:$G$5800,"*Completed",Work!$F$3:$F$5800,AR$5) -> 26 | AT43: =COUNTIFS(Work!$D$3:$D$5800,'CFT Main'!$B43,Work!$N$3:$N$5800,'CFT Main'!$C43,Work!$G$3:$G$5800,"Ongoing",Work!$F$3:$F$5800,AT$5) -> 0 | AU43: =COUNTIFS(Work!$D$3:$D$5800,'CFT Main'!$B43,Work!$N$3:$N$5800,'CFT Main'!$C43,Work!$G$3:$G$5800,"*Completed",Work!$F$3:$F$5800,AT$5) -> 6 | AV43: =COUNTIFS(Work!$D$3:$D$5800,'CFT Main'!$B43,Work!$N$3:$N$5800,'CFT Main'!$C43,Work!$G$3:$G$5800,"Ongoing",Work!$F$3:$F$5800,AV$5) -> 0 | AW43: =COUNTIFS(Work!$D$3:$D$5800,'CFT Main'!$B43,Work!$N$3:$N$5800,'CFT Main'!$C43,Work!$G$3:$G$5800,"*Completed",Work!$F$3:$F$5800,AV$5) -> 0 | AX43: =COUNTIFS(Work!$D$3:$D$5800,'CFT Main'!$B43,Work!$N$3:$N$5800,'CFT Main'!$C43,Work!$G$3:$G$5800,"Ongoing",Work!$F$3:$F$5800,AX$5) -> 0 | AY43: =COUNTIFS(Work!$D$3:$D$5800,'CFT Main'!$B43,Work!$N$3:$N$5800,'CFT Main'!$C43,Work!$G$3:$G$5800,"*Completed",Work!$F$3:$F$5800,AX$5) -> 0 | AZ43: =COUNTIFS(Work!$D$3:$D$5800,'CFT Main'!$B43,Work!$N$3:$N$5800,'CFT Main'!$C43,Work!$G$3:$G$5800,"Ongoing",Work!$F$3:$F$5800,AZ$5) -> 0 | BA43: =COUNTIFS(Work!$D$3:$D$5800,'CFT Main'!$B43,Work!$N$3:$N$5800,'CFT Main'!$C43,Work!$G$3:$G$5800,"*Completed",Work!$F$3:$F$5800,AZ$5) -> 0 | BB43: =COUNTIFS(Work!$D$3:$D$5800,'CFT Main'!$B43,Work!$N$3:$N$5800,'CFT Main'!$C43,Work!$G$3:$G$5800,"Ongoing",Work!$F$3:$F$5800,BB$5) -> 0 | BC43: =COUNTIFS(Work!$D$3:$D$5800,'CFT Main'!$B43,Work!$N$3:$N$5800,'CFT Main'!$C43,Work!$G$3:$G$5800,"*Completed",Work!$F$3:$F$5800,BB$5) -> 0 | BD43: =COUNTIFS(Work!$D$3:$D$5800,'CFT Main'!$B43,Work!$N$3:$N$5800,'CFT Main'!$C43,Work!$G$3:$G$5800,"Ongoing",Work!$F$3:$F$5800,BD$5) -> 34 | BE43: =COUNTIFS(Work!$D$3:$D$5800,'CFT Main'!$B43,Work!$N$3:$N$5800,'CFT Main'!$C43,Work!$G$3:$G$5800,"*Completed",Work!$F$3:$F$5800,BD$5) -> 0
A44: 38 | B44: RAMPUR BAGHELAN | C44: ABER | D44: BADAGAON | E44: मोतीलाल लढ़िया | F44: Manisha Mishra | G44: =SUMIFS(#REF!,'GP Main'!$B$8:$B$827,'CFT Main'!$B47,'GP Main'!$C$8:$C$827,'CFT Main'!$C47) -> #REF! | H44: =SUMIFS(#REF!,'GP Main'!$B$8:$B$827,'CFT Main'!$B47,'GP Main'!$C$8:$C$827,'CFT Main'!$C47) -> #REF! | I44: =SUMIFS(#REF!,'GP Main'!$B$8:$B$827,'CFT Main'!$B47,'GP Main'!$C$8:$C$827,'CFT Main'!$C47) -> #REF! | J44: =SUMIFS(#REF!,'GP Main'!$B$8:$B$827,'CFT Main'!$B47,'GP Main'!$C$8:$C$827,'CFT Main'!$C47) -> #REF! | K44: =SUMIFS(#REF!,'GP Main'!$B$8:$B$827,'CFT Main'!$B47,'GP Main'!$C$8:$C$827,'CFT Main'!$C47) -> #REF! | L44: =SUMIFS(#REF!,'GP Main'!$B$8:$B$827,'CFT Main'!$B47,'GP Main'!$C$8:$C$827,'CFT Main'!$C47) -> #REF! | M44: =SUMIFS(#REF!,'GP Main'!$B$8:$B$827,'CFT Main'!$B47,'GP Main'!$C$8:$C$827,'CFT Main'!$C47) -> #REF! | N44: =SUMIFS(#REF!,'GP Main'!$B$8:$B$827,'CFT Main'!$B47,'GP Main'!$C$8:$C$827,'CFT Main'!$C47) -> #REF! | ... AB44: =SUMIFS(#REF!,'GP Main'!$B$8:$B$827,'CFT Main'!$B47,'GP Main'!$C$8:$C$827,'CFT Main'!$C47) -> #REF! | AD44: =SUMIFS(#REF!,'GP Main'!$B$8:$B$827,'CFT Main'!$B47,'GP Main'!$C$8:$C$827,'CFT Main'!$C47) -> #REF! | AE44: =SUMIFS(#REF!,'GP Main'!$B$8:$B$827,'CFT Main'!$B47,'GP Main'!$C$8:$C$827,'CFT Main'!$C47) -> #REF! | AG44: =SUMIFS(#REF!,'GP Main'!$B$8:$B$827,'CFT Main'!$B47,'GP Main'!$C$8:$C$827,'CFT Main'!$C47) -> #REF! | AH44: =SUMIFS(#REF!,'GP Main'!$B$8:$B$827,'CFT Main'!$B47,'GP Main'!$C$8:$C$827,'CFT Main'!$C47) -> #REF! | AI44: =SUMIFS(#REF!,'GP Main'!$B$8:$B$827,'CFT Main'!$B47,'GP Main'!$C$8:$C$827,'CFT Main'!$C47) -> #REF! | AJ44: =SUMIFS(#REF!,'GP Main'!$B$8:$B$827,'CFT Main'!$B47,'GP Main'!$C$8:$C$827,'CFT Main'!$C47) -> #REF! | AK44: =SUMIFS(#REF!,'GP Main'!$B$8:$B$827,'CFT Main'!$B47,'GP Main'!$C$8:$C$827,'CFT Main'!$C47) -> #REF! | AM44: राजेश पाण्डेय | AN44: =COUNTIFS(Work!$D$3:$D$5800,'CFT Main'!$B44,Work!$N$3:$N$5800,'CFT Main'!$C44,Work!$G$3:$G$5800,"Ongoing") -> 41 | AO44: =COUNTIFS(Work!$D$3:$D$5800,'CFT Main'!$B44,Work!$N$3:$N$5800,'CFT Main'!$C44,Work!$G$3:$G$5800,"*Completed") -> 48 | AP44: =COUNTIFS(Work!$D$3:$D$5800,'CFT Main'!$B44,Work!$N$3:$N$5800,'CFT Main'!$C44,Work!$G$3:$G$5800,"Ongoing",Work!$F$3:$F$5800,AP$5) -> 21 | AQ44: =COUNTIFS(Work!$D$3:$D$5800,'CFT Main'!$B44,Work!$N$3:$N$5800,'CFT Main'!$C44,Work!$G$3:$G$5800,"*Completed",Work!$F$3:$F$5800,AP$5) -> 10 | AR44: =COUNTIFS(Work!$D$3:$D$5800,'CFT Main'!$B44,Work!$N$3:$N$5800,'CFT Main'!$C44,Work!$G$3:$G$5800,"Ongoing",Work!$F$3:$F$5800,AR$5) -> 2 | AS44: =COUNTIFS(Work!$D$3:$D$5800,'CFT Main'!$B44,Work!$N$3:$N$5800,'CFT Main'!$C44,Work!$G$3:$G$5800,"*Completed",Work!$F$3:$F$5800,AR$5) -> 24 | AT44: =COUNTIFS(Work!$D$3:$D$5800,'CFT Main'!$B44,Work!$N$3:$N$5800,'CFT Main'!$C44,Work!$G$3:$G$5800,"Ongoing",Work!$F$3:$F$5800,AT$5) -> 1 | AU44: =COUNTIFS(Work!$D$3:$D$5800,'CFT Main'!$B44,Work!$N$3:$N$5800,'CFT Main'!$C44,Work!$G$3:$G$5800,"*Completed",Work!$F$3:$F$5800,AT$5) -> 8 | AV44: =COUNTIFS(Work!$D$3:$D$5800,'CFT Main'!$B44,Work!$N$3:$N$5800,'CFT Main'!$C44,Work!$G$3:$G$5800,"Ongoing",Work!$F$3:$F$5800,AV$5) -> 2 | AW44: =COUNTIFS(Work!$D$3:$D$5800,'CFT Main'!$B44,Work!$N$3:$N$5800,'CFT Main'!$C44,Work!$G$3:$G$5800,"*Completed",Work!$F$3:$F$5800,AV$5) -> 3 | AX44: =COUNTIFS(Work!$D$3:$D$5800,'CFT Main'!$B44,Work!$N$3:$N$5800,'CFT Main'!$C44,Work!$G$3:$G$5800,"Ongoing",Work!$F$3:$F$5800,AX$5) -> 0 | AY44: =COUNTIFS(Work!$D$3:$D$5800,'CFT Main'!$B44,Work!$N$3:$N$5800,'CFT Main'!$C44,Work!$G$3:$G$5800,"*Completed",Work!$F$3:$F$5800,AX$5) -> 1 | AZ44: =COUNTIFS(Work!$D$3:$D$5800,'CFT Main'!$B44,Work!$N$3:$N$5800,'CFT Main'!$C44,Work!$G$3:$G$5800,"Ongoing",Work!$F$3:$F$5800,AZ$5) -> 0 | BA44: =COUNTIFS(Work!$D$3:$D$5800,'CFT Main'!$B44,Work!$N$3:$N$5800,'CFT Main'!$C44,Work!$G$3:$G$5800,"*Completed",Work!$F$3:$F$5800,AZ$5) -> 1 | BB44: =COUNTIFS(Work!$D$3:$D$5800,'CFT Main'!$B44,Work!$N$3:$N$5800,'CFT Main'!$C44,Work!$G$3:$G$5800,"Ongoing",Work!$F$3:$F$5800,BB$5) -> 1 | BC44: =COUNTIFS(Work!$D$3:$D$5800,'CFT Main'!$B44,Work!$N$3:$N$5800,'CFT Main'!$C44,Work!$G$3:$G$5800,"*Completed",Work!$F$3:$F$5800,BB$5) -> 0 | BD44: =COUNTIFS(Work!$D$3:$D$5800,'CFT Main'!$B44,Work!$N$3:$N$5800,'CFT Main'!$C44,Work!$G$3:$G$5800,"Ongoing",Work!$F$3:$F$5800,BD$5) -> 14 | BE44: =COUNTIFS(Work!$D$3:$D$5800,'CFT Main'!$B44,Work!$N$3:$N$5800,'CFT Main'!$C44,Work!$G$3:$G$5800,"*Completed",Work!$F$3:$F$5800,BD$5) -> 1
A45: 39 | B45: RAMPUR BAGHELAN | C45: BELA | D45: BARA | E45: प्रमोद शुक्ला अति0 | F45: Manisha Mishra | G45: =SUMIFS(#REF!,'GP Main'!$B$8:$B$827,'CFT Main'!$B43,'GP Main'!$C$8:$C$827,'CFT Main'!$C43) -> #REF! | H45: =SUMIFS(#REF!,'GP Main'!$B$8:$B$827,'CFT Main'!$B43,'GP Main'!$C$8:$C$827,'CFT Main'!$C43) -> #REF! | I45: =SUMIFS(#REF!,'GP Main'!$B$8:$B$827,'CFT Main'!$B43,'GP Main'!$C$8:$C$827,'CFT Main'!$C43) -> #REF! | J45: =SUMIFS(#REF!,'GP Main'!$B$8:$B$827,'CFT Main'!$B43,'GP Main'!$C$8:$C$827,'CFT Main'!$C43) -> #REF! | K45: =SUMIFS(#REF!,'GP Main'!$B$8:$B$827,'CFT Main'!$B43,'GP Main'!$C$8:$C$827,'CFT Main'!$C43) -> #REF! | L45: =SUMIFS(#REF!,'GP Main'!$B$8:$B$827,'CFT Main'!$B43,'GP Main'!$C$8:$C$827,'CFT Main'!$C43) -> #REF! | M45: =SUMIFS(#REF!,'GP Main'!$B$8:$B$827,'CFT Main'!$B43,'GP Main'!$C$8:$C$827,'CFT Main'!$C43) -> #REF! | N45: =SUMIFS(#REF!,'GP Main'!$B$8:$B$827,'CFT Main'!$B43,'GP Main'!$C$8:$C$827,'CFT Main'!$C43) -> #REF! | ... AB45: =SUMIFS(#REF!,'GP Main'!$B$8:$B$827,'CFT Main'!$B43,'GP Main'!$C$8:$C$827,'CFT Main'!$C43) -> #REF! | AD45: =SUMIFS(#REF!,'GP Main'!$B$8:$B$827,'CFT Main'!$B43,'GP Main'!$C$8:$C$827,'CFT Main'!$C43) -> #REF! | AE45: =SUMIFS(#REF!,'GP Main'!$B$8:$B$827,'CFT Main'!$B43,'GP Main'!$C$8:$C$827,'CFT Main'!$C43) -> #REF! | AG45: =SUMIFS(#REF!,'GP Main'!$B$8:$B$827,'CFT Main'!$B43,'GP Main'!$C$8:$C$827,'CFT Main'!$C43) -> #REF! | AH45: =SUMIFS(#REF!,'GP Main'!$B$8:$B$827,'CFT Main'!$B43,'GP Main'!$C$8:$C$827,'CFT Main'!$C43) -> #REF! | AI45: =SUMIFS(#REF!,'GP Main'!$B$8:$B$827,'CFT Main'!$B43,'GP Main'!$C$8:$C$827,'CFT Main'!$C43) -> #REF! | AJ45: =SUMIFS(#REF!,'GP Main'!$B$8:$B$827,'CFT Main'!$B43,'GP Main'!$C$8:$C$827,'CFT Main'!$C43) -> #REF! | AK45: =SUMIFS(#REF!,'GP Main'!$B$8:$B$827,'CFT Main'!$B43,'GP Main'!$C$8:$C$827,'CFT Main'!$C43) -> #REF! | AM45: राजेश पाण्डेय | AN45: =COUNTIFS(Work!$D$3:$D$5800,'CFT Main'!$B45,Work!$N$3:$N$5800,'CFT Main'!$C45,Work!$G$3:$G$5800,"Ongoing") -> 45 | AO45: =COUNTIFS(Work!$D$3:$D$5800,'CFT Main'!$B45,Work!$N$3:$N$5800,'CFT Main'!$C45,Work!$G$3:$G$5800,"*Completed") -> 22 | AP45: =COUNTIFS(Work!$D$3:$D$5800,'CFT Main'!$B45,Work!$N$3:$N$5800,'CFT Main'!$C45,Work!$G$3:$G$5800,"Ongoing",Work!$F$3:$F$5800,AP$5) -> 17 | AQ45: =COUNTIFS(Work!$D$3:$D$5800,'CFT Main'!$B45,Work!$N$3:$N$5800,'CFT Main'!$C45,Work!$G$3:$G$5800,"*Completed",Work!$F$3:$F$5800,AP$5) -> 2 | AR45: =COUNTIFS(Work!$D$3:$D$5800,'CFT Main'!$B45,Work!$N$3:$N$5800,'CFT Main'!$C45,Work!$G$3:$G$5800,"Ongoing",Work!$F$3:$F$5800,AR$5) -> 1 | AS45: =COUNTIFS(Work!$D$3:$D$5800,'CFT Main'!$B45,Work!$N$3:$N$5800,'CFT Main'!$C45,Work!$G$3:$G$5800,"*Completed",Work!$F$3:$F$5800,AR$5) -> 14 | AT45: =COUNTIFS(Work!$D$3:$D$5800,'CFT Main'!$B45,Work!$N$3:$N$5800,'CFT Main'!$C45,Work!$G$3:$G$5800,"Ongoing",Work!$F$3:$F$5800,AT$5) -> 5 | AU45: =COUNTIFS(Work!$D$3:$D$5800,'CFT Main'!$B45,Work!$N$3:$N$5800,'CFT Main'!$C45,Work!$G$3:$G$5800,"*Completed",Work!$F$3:$F$5800,AT$5) -> 5 | AV45: =COUNTIFS(Work!$D$3:$D$5800,'CFT Main'!$B45,Work!$N$3:$N$5800,'CFT Main'!$C45,Work!$G$3:$G$5800,"Ongoing",Work!$F$3:$F$5800,AV$5) -> 0 | AW45: =COUNTIFS(Work!$D$3:$D$5800,'CFT Main'!$B45,Work!$N$3:$N$5800,'CFT Main'!$C45,Work!$G$3:$G$5800,"*Completed",Work!$F$3:$F$5800,AV$5) -> 1 | AX45: =COUNTIFS(Work!$D$3:$D$5800,'CFT Main'!$B45,Work!$N$3:$N$5800,'CFT Main'!$C45,Work!$G$3:$G$5800,"Ongoing",Work!$F$3:$F$5800,AX$5) -> 0 | AY45: =COUNTIFS(Work!$D$3:$D$5800,'CFT Main'!$B45,Work!$N$3:$N$5800,'CFT Main'!$C45,Work!$G$3:$G$5800,"*Completed",Work!$F$3:$F$5800,AX$5) -> 0 | AZ45: =COUNTIFS(Work!$D$3:$D$5800,'CFT Main'!$B45,Work!$N$3:$N$5800,'CFT Main'!$C45,Work!$G$3:$G$5800,"Ongoing",Work!$F$3:$F$5800,AZ$5) -> 0 | BA45: =COUNTIFS(Work!$D$3:$D$5800,'CFT Main'!$B45,Work!$N$3:$N$5800,'CFT Main'!$C45,Work!$G$3:$G$5800,"*Completed",Work!$F$3:$F$5800,AZ$5) -> 0 | BB45: =COUNTIFS(Work!$D$3:$D$5800,'CFT Main'!$B45,Work!$N$3:$N$5800,'CFT Main'!$C45,Work!$G$3:$G$5800,"Ongoing",Work!$F$3:$F$5800,BB$5) -> 1 | BC45: =COUNTIFS(Work!$D$3:$D$5800,'CFT Main'!$B45,Work!$N$3:$N$5800,'CFT Main'!$C45,Work!$G$3:$G$5800,"*Completed",Work!$F$3:$F$5800,BB$5) -> 0 | BD45: =COUNTIFS(Work!$D$3:$D$5800,'CFT Main'!$B45,Work!$N$3:$N$5800,'CFT Main'!$C45,Work!$G$3:$G$5800,"Ongoing",Work!$F$3:$F$5800,BD$5) -> 21 | BE45: =COUNTIFS(Work!$D$3:$D$5800,'CFT Main'!$B45,Work!$N$3:$N$5800,'CFT Main'!$C45,Work!$G$3:$G$5800,"*Completed",Work!$F$3:$F$5800,BD$5) -> 0
A46: 40 | B46: RAMPUR BAGHELAN | C46: KRISHNAGARH | D46: DEVRA PHAREDA | E46: मनोज खम्परिया | F46: Manisha Mishra | G46: =SUMIFS(#REF!,'GP Main'!$B$8:$B$827,'CFT Main'!$B50,'GP Main'!$C$8:$C$827,'CFT Main'!$C50) -> #REF! | H46: =SUMIFS(#REF!,'GP Main'!$B$8:$B$827,'CFT Main'!$B50,'GP Main'!$C$8:$C$827,'CFT Main'!$C50) -> #REF! | I46: =SUMIFS(#REF!,'GP Main'!$B$8:$B$827,'CFT Main'!$B50,'GP Main'!$C$8:$C$827,'CFT Main'!$C50) -> #REF! | J46: =SUMIFS(#REF!,'GP Main'!$B$8:$B$827,'CFT Main'!$B50,'GP Main'!$C$8:$C$827,'CFT Main'!$C50) -> #REF! | K46: =SUMIFS(#REF!,'GP Main'!$B$8:$B$827,'CFT Main'!$B50,'GP Main'!$C$8:$C$827,'CFT Main'!$C50) -> #REF! | L46: =SUMIFS(#REF!,'GP Main'!$B$8:$B$827,'CFT Main'!$B50,'GP Main'!$C$8:$C$827,'CFT Main'!$C50) -> #REF! | M46: =SUMIFS(#REF!,'GP Main'!$B$8:$B$827,'CFT Main'!$B50,'GP Main'!$C$8:$C$827,'CFT Main'!$C50) -> #REF! | N46: =SUMIFS(#REF!,'GP Main'!$B$8:$B$827,'CFT Main'!$B50,'GP Main'!$C$8:$C$827,'CFT Main'!$C50) -> #REF! | ... AB46: =SUMIFS(#REF!,'GP Main'!$B$8:$B$827,'CFT Main'!$B50,'GP Main'!$C$8:$C$827,'CFT Main'!$C50) -> #REF! | AD46: =SUMIFS(#REF!,'GP Main'!$B$8:$B$827,'CFT Main'!$B50,'GP Main'!$C$8:$C$827,'CFT Main'!$C50) -> #REF! | AE46: =SUMIFS(#REF!,'GP Main'!$B$8:$B$827,'CFT Main'!$B50,'GP Main'!$C$8:$C$827,'CFT Main'!$C50) -> #REF! | AG46: =SUMIFS(#REF!,'GP Main'!$B$8:$B$827,'CFT Main'!$B50,'GP Main'!$C$8:$C$827,'CFT Main'!$C50) -> #REF! | AH46: =SUMIFS(#REF!,'GP Main'!$B$8:$B$827,'CFT Main'!$B50,'GP Main'!$C$8:$C$827,'CFT Main'!$C50) -> #REF! | AI46: =SUMIFS(#REF!,'GP Main'!$B$8:$B$827,'CFT Main'!$B50,'GP Main'!$C$8:$C$827,'CFT Main'!$C50) -> #REF! | AJ46: =SUMIFS(#REF!,'GP Main'!$B$8:$B$827,'CFT Main'!$B50,'GP Main'!$C$8:$C$827,'CFT Main'!$C50) -> #REF! | AK46: =SUMIFS(#REF!,'GP Main'!$B$8:$B$827,'CFT Main'!$B50,'GP Main'!$C$8:$C$827,'CFT Main'!$C50) -> #REF! | AM46: राजेश पाण्डेय | AN46: =COUNTIFS(Work!$D$3:$D$5800,'CFT Main'!$B46,Work!$N$3:$N$5800,'CFT Main'!$C46,Work!$G$3:$G$5800,"Ongoing") -> 32 | AO46: =COUNTIFS(Work!$D$3:$D$5800,'CFT Main'!$B46,Work!$N$3:$N$5800,'CFT Main'!$C46,Work!$G$3:$G$5800,"*Completed") -> 46 | AP46: =COUNTIFS(Work!$D$3:$D$5800,'CFT Main'!$B46,Work!$N$3:$N$5800,'CFT Main'!$C46,Work!$G$3:$G$5800,"Ongoing",Work!$F$3:$F$5800,AP$5) -> 8 | AQ46: =COUNTIFS(Work!$D$3:$D$5800,'CFT Main'!$B46,Work!$N$3:$N$5800,'CFT Main'!$C46,Work!$G$3:$G$5800,"*Completed",Work!$F$3:$F$5800,AP$5) -> 24 | AR46: =COUNTIFS(Work!$D$3:$D$5800,'CFT Main'!$B46,Work!$N$3:$N$5800,'CFT Main'!$C46,Work!$G$3:$G$5800,"Ongoing",Work!$F$3:$F$5800,AR$5) -> 1 | AS46: =COUNTIFS(Work!$D$3:$D$5800,'CFT Main'!$B46,Work!$N$3:$N$5800,'CFT Main'!$C46,Work!$G$3:$G$5800,"*Completed",Work!$F$3:$F$5800,AR$5) -> 5 | AT46: =COUNTIFS(Work!$D$3:$D$5800,'CFT Main'!$B46,Work!$N$3:$N$5800,'CFT Main'!$C46,Work!$G$3:$G$5800,"Ongoing",Work!$F$3:$F$5800,AT$5) -> 3 | AU46: =COUNTIFS(Work!$D$3:$D$5800,'CFT Main'!$B46,Work!$N$3:$N$5800,'CFT Main'!$C46,Work!$G$3:$G$5800,"*Completed",Work!$F$3:$F$5800,AT$5) -> 11 | AV46: =COUNTIFS(Work!$D$3:$D$5800,'CFT Main'!$B46,Work!$N$3:$N$5800,'CFT Main'!$C46,Work!$G$3:$G$5800,"Ongoing",Work!$F$3:$F$5800,AV$5) -> 1 | AW46: =COUNTIFS(Work!$D$3:$D$5800,'CFT Main'!$B46,Work!$N$3:$N$5800,'CFT Main'!$C46,Work!$G$3:$G$5800,"*Completed",Work!$F$3:$F$5800,AV$5) -> 0 | AX46: =COUNTIFS(Work!$D$3:$D$5800,'CFT Main'!$B46,Work!$N$3:$N$5800,'CFT Main'!$C46,Work!$G$3:$G$5800,"Ongoing",Work!$F$3:$F$5800,AX$5) -> 1 | AY46: =COUNTIFS(Work!$D$3:$D$5800,'CFT Main'!$B46,Work!$N$3:$N$5800,'CFT Main'!$C46,Work!$G$3:$G$5800,"*Completed",Work!$F$3:$F$5800,AX$5) -> 5 | AZ46: =COUNTIFS(Work!$D$3:$D$5800,'CFT Main'!$B46,Work!$N$3:$N$5800,'CFT Main'!$C46,Work!$G$3:$G$5800,"Ongoing",Work!$F$3:$F$5800,AZ$5) -> 0 | BA46: =COUNTIFS(Work!$D$3:$D$5800,'CFT Main'!$B46,Work!$N$3:$N$5800,'CFT Main'!$C46,Work!$G$3:$G$5800,"*Completed",Work!$F$3:$F$5800,AZ$5) -> 1 | BB46: =COUNTIFS(Work!$D$3:$D$5800,'CFT Main'!$B46,Work!$N$3:$N$5800,'CFT Main'!$C46,Work!$G$3:$G$5800,"Ongoing",Work!$F$3:$F$5800,BB$5) -> 0 | BC46: =COUNTIFS(Work!$D$3:$D$5800,'CFT Main'!$B46,Work!$N$3:$N$5800,'CFT Main'!$C46,Work!$G$3:$G$5800,"*Completed",Work!$F$3:$F$5800,BB$5) -> 0 | BD46: =COUNTIFS(Work!$D$3:$D$5800,'CFT Main'!$B46,Work!$N$3:$N$5800,'CFT Main'!$C46,Work!$G$3:$G$5800,"Ongoing",Work!$F$3:$F$5800,BD$5) -> 18 | BE46: =COUNTIFS(Work!$D$3:$D$5800,'CFT Main'!$B46,Work!$N$3:$N$5800,'CFT Main'!$C46,Work!$G$3:$G$5800,"*Completed",Work!$F$3:$F$5800,BD$5) -> 0
A47: 41 | B47: RAMPUR BAGHELAN | C47: MAHURACHHKADAILA | D47: BEOHARA | E47: अजय खरे | F47: Manisha Mishra | G47: =SUMIFS(#REF!,'GP Main'!$B$8:$B$827,'CFT Main'!$B49,'GP Main'!$C$8:$C$827,'CFT Main'!$C49) -> #REF! | H47: =SUMIFS(#REF!,'GP Main'!$B$8:$B$827,'CFT Main'!$B49,'GP Main'!$C$8:$C$827,'CFT Main'!$C49) -> #REF! | I47: =SUMIFS(#REF!,'GP Main'!$B$8:$B$827,'CFT Main'!$B49,'GP Main'!$C$8:$C$827,'CFT Main'!$C49) -> #REF! | J47: =SUMIFS(#REF!,'GP Main'!$B$8:$B$827,'CFT Main'!$B49,'GP Main'!$C$8:$C$827,'CFT Main'!$C49) -> #REF! | K47: =SUMIFS(#REF!,'GP Main'!$B$8:$B$827,'CFT Main'!$B49,'GP Main'!$C$8:$C$827,'CFT Main'!$C49) -> #REF! | L47: =SUMIFS(#REF!,'GP Main'!$B$8:$B$827,'CFT Main'!$B49,'GP Main'!$C$8:$C$827,'CFT Main'!$C49) -> #REF! | M47: =SUMIFS(#REF!,'GP Main'!$B$8:$B$827,'CFT Main'!$B49,'GP Main'!$C$8:$C$827,'CFT Main'!$C49) -> #REF! | N47: =SUMIFS(#REF!,'GP Main'!$B$8:$B$827,'CFT Main'!$B49,'GP Main'!$C$8:$C$827,'CFT Main'!$C49) -> #REF! | ... AB47: =SUMIFS(#REF!,'GP Main'!$B$8:$B$827,'CFT Main'!$B49,'GP Main'!$C$8:$C$827,'CFT Main'!$C49) -> #REF! | AD47: =SUMIFS(#REF!,'GP Main'!$B$8:$B$827,'CFT Main'!$B49,'GP Main'!$C$8:$C$827,'CFT Main'!$C49) -> #REF! | AE47: =SUMIFS(#REF!,'GP Main'!$B$8:$B$827,'CFT Main'!$B49,'GP Main'!$C$8:$C$827,'CFT Main'!$C49) -> #REF! | AG47: =SUMIFS(#REF!,'GP Main'!$B$8:$B$827,'CFT Main'!$B49,'GP Main'!$C$8:$C$827,'CFT Main'!$C49) -> #REF! | AH47: =SUMIFS(#REF!,'GP Main'!$B$8:$B$827,'CFT Main'!$B49,'GP Main'!$C$8:$C$827,'CFT Main'!$C49) -> #REF! | AI47: =SUMIFS(#REF!,'GP Main'!$B$8:$B$827,'CFT Main'!$B49,'GP Main'!$C$8:$C$827,'CFT Main'!$C49) -> #REF! | AJ47: =SUMIFS(#REF!,'GP Main'!$B$8:$B$827,'CFT Main'!$B49,'GP Main'!$C$8:$C$827,'CFT Main'!$C49) -> #REF! | AK47: =SUMIFS(#REF!,'GP Main'!$B$8:$B$827,'CFT Main'!$B49,'GP Main'!$C$8:$C$827,'CFT Main'!$C49) -> #REF! | AM47: राजेश पाण्डेय | AN47: =COUNTIFS(Work!$D$3:$D$5800,'CFT Main'!$B47,Work!$N$3:$N$5800,'CFT Main'!$C47,Work!$G$3:$G$5800,"Ongoing") -> 21 | AO47: =COUNTIFS(Work!$D$3:$D$5800,'CFT Main'!$B47,Work!$N$3:$N$5800,'CFT Main'!$C47,Work!$G$3:$G$5800,"*Completed") -> 31 | AP47: =COUNTIFS(Work!$D$3:$D$5800,'CFT Main'!$B47,Work!$N$3:$N$5800,'CFT Main'!$C47,Work!$G$3:$G$5800,"Ongoing",Work!$F$3:$F$5800,AP$5) -> 8 | AQ47: =COUNTIFS(Work!$D$3:$D$5800,'CFT Main'!$B47,Work!$N$3:$N$5800,'CFT Main'!$C47,Work!$G$3:$G$5800,"*Completed",Work!$F$3:$F$5800,AP$5) -> 8 | AR47: =COUNTIFS(Work!$D$3:$D$5800,'CFT Main'!$B47,Work!$N$3:$N$5800,'CFT Main'!$C47,Work!$G$3:$G$5800,"Ongoing",Work!$F$3:$F$5800,AR$5) -> 3 | AS47: =COUNTIFS(Work!$D$3:$D$5800,'CFT Main'!$B47,Work!$N$3:$N$5800,'CFT Main'!$C47,Work!$G$3:$G$5800,"*Completed",Work!$F$3:$F$5800,AR$5) -> 9 | AT47: =COUNTIFS(Work!$D$3:$D$5800,'CFT Main'!$B47,Work!$N$3:$N$5800,'CFT Main'!$C47,Work!$G$3:$G$5800,"Ongoing",Work!$F$3:$F$5800,AT$5) -> 2 | AU47: =COUNTIFS(Work!$D$3:$D$5800,'CFT Main'!$B47,Work!$N$3:$N$5800,'CFT Main'!$C47,Work!$G$3:$G$5800,"*Completed",Work!$F$3:$F$5800,AT$5) -> 11 | AV47: =COUNTIFS(Work!$D$3:$D$5800,'CFT Main'!$B47,Work!$N$3:$N$5800,'CFT Main'!$C47,Work!$G$3:$G$5800,"Ongoing",Work!$F$3:$F$5800,AV$5) -> 0 | AW47: =COUNTIFS(Work!$D$3:$D$5800,'CFT Main'!$B47,Work!$N$3:$N$5800,'CFT Main'!$C47,Work!$G$3:$G$5800,"*Completed",Work!$F$3:$F$5800,AV$5) -> 2 | AX47: =COUNTIFS(Work!$D$3:$D$5800,'CFT Main'!$B47,Work!$N$3:$N$5800,'CFT Main'!$C47,Work!$G$3:$G$5800,"Ongoing",Work!$F$3:$F$5800,AX$5) -> 0 | AY47: =COUNTIFS(Work!$D$3:$D$5800,'CFT Main'!$B47,Work!$N$3:$N$5800,'CFT Main'!$C47,Work!$G$3:$G$5800,"*Completed",Work!$F$3:$F$5800,AX$5) -> 0 | AZ47: =COUNTIFS(Work!$D$3:$D$5800,'CFT Main'!$B47,Work!$N$3:$N$5800,'CFT Main'!$C47,Work!$G$3:$G$5800,"Ongoing",Work!$F$3:$F$5800,AZ$5) -> 1 | BA47: =COUNTIFS(Work!$D$3:$D$5800,'CFT Main'!$B47,Work!$N$3:$N$5800,'CFT Main'!$C47,Work!$G$3:$G$5800,"*Completed",Work!$F$3:$F$5800,AZ$5) -> 1 | BB47: =COUNTIFS(Work!$D$3:$D$5800,'CFT Main'!$B47,Work!$N$3:$N$5800,'CFT Main'!$C47,Work!$G$3:$G$5800,"Ongoing",Work!$F$3:$F$5800,BB$5) -> 0 | BC47: =COUNTIFS(Work!$D$3:$D$5800,'CFT Main'!$B47,Work!$N$3:$N$5800,'CFT Main'!$C47,Work!$G$3:$G$5800,"*Completed",Work!$F$3:$F$5800,BB$5) -> 0 | BD47: =COUNTIFS(Work!$D$3:$D$5800,'CFT Main'!$B47,Work!$N$3:$N$5800,'CFT Main'!$C47,Work!$G$3:$G$5800,"Ongoing",Work!$F$3:$F$5800,BD$5) -> 7 | BE47: =COUNTIFS(Work!$D$3:$D$5800,'CFT Main'!$B47,Work!$N$3:$N$5800,'CFT Main'!$C47,Work!$G$3:$G$5800,"*Completed",Work!$F$3:$F$5800,BD$5) -> 0
